id,scenario,query,intended_family,actual_intent,actual_operation,status,outcome_reason,http_status,category,assessment,slots_json,response_json
H01,family_pair,बस से चेन्नई सेंट्रल से एयरपोर्ट तक जाने का रास्ता बताइए।,point_to_point_route,point_to_point_route,,clarification,entity_ambiguity,200,legitimate ambiguity,The route family is selected; Central resolves to three candidates. Entity clarification is conservative.,"{""transport_mode"": ""bus""}","{""status"": ""clarification"", ""outcome_reason"": ""entity_ambiguity"", ""response_text"": ""Please clarify which stop or location you mean."", ""intent"": ""point_to_point_route"", ""operation"": null, ""slots"": {""transport_mode"": ""bus""}, ""data"": {}, ""missing_slots"": [], ""clarification_reason"": ""entity_ambiguity"", ""candidate_entities"": [""HUB_PURATCHI_THALAIVAR_DR__M_G_RAMACHANDRAN_CENTRAL"", ""HUB_PURATCHI_THALAIVAR_DR__M__G__RAMACHANDRAN_CENTRAL"", ""RAIL_CHENNAI_CENTRAL""], ""candidate_intents"": [""point_to_point_route""]}"
H02,family_pair,सचिवालय से वॉर मेमोरियल तक बस से कैसे पहुँचूँ?,point_to_point_route,point_to_point_route,PLAN_ROUTE,clarification,missing_execution_slot,200,recognition mismatch,"Route family matches but both Hindi endpoint names were lost; asks for supplied start/end. Alias/extraction coverage gap, not a routing answer.","{""transport_mode"": ""bus""}","{""status"": ""clarification"", ""outcome_reason"": ""missing_execution_slot"", ""response_text"": ""Please provide the starting stop, the destination stop."", ""intent"": ""point_to_point_route"", ""operation"": ""PLAN_ROUTE"", ""slots"": {""transport_mode"": ""bus""}, ""data"": {}, ""missing_slots"": [""origin"", ""destination""], ""clarification_reason"": ""missing_slot"", ""candidate_entities"": [], ""candidate_intents"": [""point_to_point_route""]}"
H03,family_pair,गिंडी से चेन्नई एयरपोर्ट जाने के लिए बस और मेट्रो जोड़कर यात्रा बताइए।,multimodal_route,multimodal_route,PLAN_MULTIMODAL_ROUTE,unavailable,unsupported_source,200,unsupported source,Multimodal family and explicit missing confirmed transfer graph match the goal. No factual trip plan.,{},"{""status"": ""unavailable"", ""outcome_reason"": ""unsupported_source"", ""response_text"": ""No confirmed cross-mode transfer graph is available in this snapshot."", ""intent"": ""multimodal_route"", ""operation"": ""PLAN_MULTIMODAL_ROUTE"", ""slots"": {}, ""data"": {""reason"": ""confirmed_multimodal_graph_absent""}, ""missing_slots"": [], ""clarification_reason"": null, ""candidate_entities"": [], ""candidate_intents"": [""multimodal_route""]}"
H04,family_pair,तांबरम से अन्ना नगर तक लोकल ट्रेन और मेट्रो से यात्रा कैसे करूँ?,multimodal_route,point_to_point_route,,clarification,missing_execution_slot,200,recognition mismatch,"Two-mode journey is selected as point-to-point and asks to choose one mode. Slots also contain कल although user wrote लोकल, not a relative day; attribution not repaired.","{""temporal_relative"": ""कल""}","{""status"": ""clarification"", ""outcome_reason"": ""missing_execution_slot"", ""response_text"": ""Please choose one transport mode for this question."", ""intent"": ""point_to_point_route"", ""operation"": null, ""slots"": {""temporal_relative"": ""कल""}, ""data"": {""requested_modes"": [""suburban_rail"", ""metro""]}, ""missing_slots"": [""transport_mode""], ""clarification_reason"": ""missing_slot"", ""candidate_entities"": [], ""candidate_intents"": [""point_to_point_route""]}"
H05,family_pair,"बस संख्या १०२ किन-किन स्टॉप पर जाती है, क्रम में नाम बताइए।",route_stop_sequence,route_stop_sequence,LIST_ROUTE_STOPS,clarification,missing_execution_slot,200,recognition mismatch,"Stop-list intent matches, but explicit बस संख्या १०२ is not retained as route_number; asks for route.","{""transport_mode"": ""bus""}","{""status"": ""clarification"", ""outcome_reason"": ""missing_execution_slot"", ""response_text"": ""Please provide the route number or line name."", ""intent"": ""route_stop_sequence"", ""operation"": ""LIST_ROUTE_STOPS"", ""slots"": {""transport_mode"": ""bus""}, ""data"": {}, ""missing_slots"": [""route_number_or_line_name""], ""clarification_reason"": ""missing_slot"", ""candidate_entities"": [], ""candidate_intents"": [""route_stop_sequence""]}"
H06,family_pair,रूट २५आर की बस के पूरे स्टॉपों की सूची दिखाइए।,route_stop_sequence,route_stop_sequence,LIST_ROUTE_STOPS,ok,answered,200,successful bounded answer,Hindi suffix २५आर resolves to 25R; published 25 R stop sequence with source/provisional caveat. Not live operation.,"{""transport_mode"": ""bus"", ""route_number"": ""25R""}","{""status"": ""ok"", ""outcome_reason"": ""answered"", ""response_text"": ""25 R stops: Anna Square Bus Terminus one, Madras University, Marina Beach, Kannagi Statue Or Presidency College, Vivekananda House, Ice House Police Station, Meersahibpet Market, New College, …. Published stop sequences found. Service operation is not confirmed."", ""intent"": ""route_stop_sequence"", ""operation"": ""LIST_ROUTE_STOPS"", ""slots"": {""transport_mode"": ""bus"", ""route_number"": ""25R""}, ""data"": {""sequences"": [{""route_id"": ""GTFS_ROUTE_20163"", ""route_name"": ""25 R"", ""mode"": ""bus"", ""direction_id"": 0, ""stops"": [{""sequence"": 1, ""stop_id"": ""BUS_495"", ""name"": ""Anna Square Bus Terminus one""}, {""sequence"": 2, ""stop_id"": ""BUS_2413"", ""name"": ""Madras University""}, {""sequence"": 3, ""stop_id"": ""BUS_2601"", ""name"": ""Marina Beach""}, {""sequence"": 4, ""stop_id"": ""BUS_5918"", ""name"": ""Kannagi Statue Or Presidency College""}, {""sequence"": 5, ""stop_id"": ""BUS_5916"", ""name"": ""Vivekananda House""}, {""sequence"": 6, ""stop_id"": ""BUS_9449"", ""name"": ""Ice House Police Station""}, {""sequence"": 7, ""stop_id"": ""BUS_9455"", ""name"": ""Meersahibpet Market""}, {""sequence"": 8, ""stop_id"": ""BUS_9464"", ""name"": ""New College""}, {""sequence"": 9, ""stop_id"": ""BUS_154"", ""name"": ""Thousand Light Or Us Embassy""}, {""sequence"": 10, ""stop_id"": ""BUS_5560"", ""name"": ""M.G.R Salai Nungambakkam Or Palm Grove""}, {""sequence"": 11, ""stop_id"": ""BUS_156"", ""name"": ""Vetnary Hospital""}, {""sequence"": 12, ""stop_id"": ""BUS_104"", ""name"": ""Periyar Salai""}, {""sequence"": 13, ""stop_id"": ""BUS_63"", ""name"": ""Liberty""}, {""sequence"": 14, ""stop_id"": ""BUS_138"", ""name"": ""Trustpuram""}, {""sequence"": 15, ""stop_id"": ""BUS_111"", ""name"": ""Power House Kodambakkam""}, {""sequence"": 16, ""stop_id"": ""BUS_120"", ""name"": ""Saamiyar Madam""}, {""sequence"": 17, ""stop_id"": ""BUS_90"", ""name"": ""Nagathamman Koil""}, {""sequence"": 18, ""stop_id"": ""BUS_9393"", ""name"": ""Virugambakkam""}, {""sequence"": 19, ""stop_id"": ""BUS_10235"", ""name"": ""Alwar Thirunagar""}, {""sequence"": 20, ""stop_id"": ""BUS_9359"", ""name"": ""Kesavardhini""}, {""sequence"": 21, ""stop_id"": ""BUS_9351"", ""name"": ""Valasaravakkam""}, {""sequence"": 22, ""stop_id"": ""BUS_9326"", ""name"": ""Jai Garden""}, {""sequence"": 23, ""stop_id"": ""BUS_9269"", ""name"": ""Gopala Krishna Theatre""}, {""sequence"": 24, ""stop_id"": ""BUS_5774"", ""name"": ""Porur""}, {""sequence"": 25, ""stop_id"": ""BUS_5775"", ""name"": ""Ramachandra Hospital""}, {""sequence"": 26, ""stop_id"": ""BUS_5776"", ""name"": ""Iyappanthangal""}, {""sequence"": 27, ""stop_id"": ""BUS_5926"", ""name"": ""Iyyappanthangal Bus Depot""}, {""sequence"": 28, ""stop_id"": ""BUS_5778"", ""name"": ""Kattupakkam""}, {""sequence"": 29, ""stop_id"": ""BUS_5642"", ""name"": ""Poonamallee Municipality Or Kumananchavadi""}, {""sequence"": 30, ""stop_id"": ""BUS_5780"", ""name"": ""Karayanchavadi""}, {""sequence"": 31, ""stop_id"": ""BUS_5781"", ""name"": ""Kallarai""}, {""sequence"": 32, ""stop_id"": ""BUS_5782"", ""name"": ""Poonamallee Government Hospital""}, {""sequence"": 33, ""stop_id"": ""BUS_9440"", ""name"": ""Poonamallee""}], ""source"": ""CHENNAI_COMMUNITY_GTFS""}], ""truncated"": false, ""provisional"": true, ""partial_topology"": false, ""excluded_unusable_rows"": 0, ""uncovered_route_ids"": []}, ""missing_slots"": [], ""clarification_reason"": null, ""candidate_entities"": [], ""candidate_intents"": [""route_stop_sequence""]}"
H07,family_pair,क्या १०२ नंबर बस मरिना बीच स्टॉप पर रुकती है?,route_stop_membership,route_stop_membership,CHECK_STOP_ON_ROUTE,clarification,missing_execution_slot,200,recognition mismatch,Membership family matches but explicit १०२ नंबर बस is rejected as requiring a supported complete route suffix.,"{""transport_mode"": ""bus""}","{""status"": ""clarification"", ""outcome_reason"": ""missing_execution_slot"", ""response_text"": ""Please provide a supported route number including its complete suffix."", ""intent"": ""route_stop_membership"", ""operation"": ""CHECK_STOP_ON_ROUTE"", ""slots"": {""transport_mode"": ""bus""}, ""data"": {}, ""missing_slots"": [""route_number""], ""clarification_reason"": ""missing_slot"", ""candidate_entities"": [], ""candidate_intents"": [""route_stop_membership""]}"
H08,family_pair,क्या २१जी बस गिंडी स्टॉप पर ठहरती है?,route_stop_membership,route_stop_membership,,clarification,entity_ambiguity,200,legitimate ambiguity,Membership route21G is preserved; गिंडी has ten bus-stop candidates. No arbitrary stop chosen.,"{""transport_mode"": ""bus"", ""route_number"": ""21G""}","{""status"": ""clarification"", ""outcome_reason"": ""entity_ambiguity"", ""response_text"": ""Please clarify which stop or location you mean."", ""intent"": ""route_stop_membership"", ""operation"": null, ""slots"": {""transport_mode"": ""bus"", ""route_number"": ""21G""}, ""data"": {}, ""missing_slots"": [], ""clarification_reason"": ""entity_ambiguity"", ""candidate_entities"": [""BUS_1007625852"", ""BUS_10167"", ""BUS_11200"", ""BUS_11203"", ""BUS_2241055785"", ""BUS_256039818"", ""BUS_3264712327"", ""BUS_3264712469"", ""BUS_5631301427"", ""BUS_CMRL_22""], ""candidate_intents"": [""route_stop_membership""]}"
H09,family_pair,आइलैंड ग्राउंड टर्मिनस से १०२ बस की पहली और आखिरी सेवा के समय बताइए।,first_and_last_service,first_and_last_service,GET_FIRST_LAST_SERVICE,clarification,missing_execution_slot,200,recognition mismatch,First/last family and route102 match; Hindi Island ground Terminus is not retained as a boarding stop.,"{""transport_mode"": ""bus"", ""route_number"": ""102""}","{""status"": ""clarification"", ""outcome_reason"": ""missing_execution_slot"", ""response_text"": ""Please provide the boarding stop or station."", ""intent"": ""first_and_last_service"", ""operation"": ""GET_FIRST_LAST_SERVICE"", ""slots"": {""transport_mode"": ""bus"", ""route_number"": ""102""}, ""data"": {}, ""missing_slots"": [""station_or_stop""], ""clarification_reason"": ""missing_slot"", ""candidate_entities"": [], ""candidate_intents"": [""first_and_last_service""]}"
H10,family_pair,पूनमल्ली बस टर्मिनस से रूट ६२ की आखिरी बस का निर्धारित समय क्या है?,first_and_last_service,scheduled_departure,,clarification,multiple_goals,200,recognition mismatch,Last-service goal becomes scheduled_departure and a multiple-scope clarification despite one stop/route.,{},"{""status"": ""clarification"", ""outcome_reason"": ""multiple_goals"", ""response_text"": ""Please ask about one route, stop, fare stage or time at a time."", ""intent"": ""scheduled_departure"", ""operation"": null, ""slots"": {}, ""data"": {}, ""missing_slots"": [], ""clarification_reason"": ""multiple_goals"", ""candidate_entities"": [], ""candidate_intents"": [""scheduled_departure""]}"
H11,family_pair,आइलैंड ग्राउंड टर्मिनस से रूट १०२ की बस कितने मिनट के अंतराल से चलती है?,service_frequency,service_frequency,,clarification,multiple_goals,200,recognition mismatch,Frequency intent matches but single route/stop question triggers multiple_goals; no headway answer.,{},"{""status"": ""clarification"", ""outcome_reason"": ""multiple_goals"", ""response_text"": ""Please ask about one route, stop, fare stage or time at a time."", ""intent"": ""service_frequency"", ""operation"": null, ""slots"": {}, ""data"": {}, ""missing_slots"": [], ""clarification_reason"": ""multiple_goals"", ""candidate_entities"": [], ""candidate_intents"": [""service_frequency""]}"
H12,family_pair,पूनमल्ली बस टर्मिनस पर ६२ बस की निर्धारित आवृत्ति क्या है?,service_frequency,scheduled_departure,,clarification,multiple_goals,200,recognition mismatch,Frequency goal becomes scheduled_departure with multiple_goals on a single route/stop question.,{},"{""status"": ""clarification"", ""outcome_reason"": ""multiple_goals"", ""response_text"": ""Please ask about one route, stop, fare stage or time at a time."", ""intent"": ""scheduled_departure"", ""operation"": null, ""slots"": {}, ""data"": {}, ""missing_slots"": [], ""clarification_reason"": ""multiple_goals"", ""candidate_entities"": [], ""candidate_intents"": [""scheduled_departure""]}"
H13,family_pair,पूनमल्ली बस टर्मिनस से सुबह नौ बजे के बाद बसों का प्रस्थान समय बताइए।,scheduled_departure,first_and_last_service,GET_FIRST_LAST_SERVICE,ok,answered,200,recognition mismatch,After-morning-nine departures request receives first/last bounds00:18:00/25:16:00; requested departure scope is not answered.,"{""transport_mode"": ""bus"", ""station"": ""BUS_5821""}","{""status"": ""ok"", ""outcome_reason"": ""answered"", ""response_text"": ""Published first departure: 00:18:00; last: 25:16:00 (service-day time). Published schedule bounds; verify current operation with the operator."", ""intent"": ""first_and_last_service"", ""operation"": ""GET_FIRST_LAST_SERVICE"", ""slots"": {""transport_mode"": ""bus"", ""station"": ""BUS_5821""}, ""data"": {""first_departure"": ""00:18:00"", ""last_departure"": ""25:16:00"", ""timing_type"": null, ""source"": [""CHENNAI_COMMUNITY_GTFS""], ""time_format"": ""gtfs_service_day"", ""provisional"": true}, ""missing_slots"": [], ""clarification_reason"": null, ""candidate_entities"": [], ""candidate_intents"": [""first_and_last_service""]}"
H14,family_pair,आइलैंड ग्राउंड टर्मिनस से १०२ बस के निर्धारित प्रस्थान 09:30 AM के बाद दिखाइए।,scheduled_departure,scheduled_departure,GET_SCHEDULED_DEPARTURES,clarification,missing_execution_slot,200,recognition mismatch,"Departure family/time09:30AM/route102 retained, but supplied Hindi boarding stop is missing.","{""transport_mode"": ""bus"", ""route_number"": ""102"", ""time"": ""09:30:00""}","{""status"": ""clarification"", ""outcome_reason"": ""missing_execution_slot"", ""response_text"": ""Please provide the boarding stop or station."", ""intent"": ""scheduled_departure"", ""operation"": ""GET_SCHEDULED_DEPARTURES"", ""slots"": {""transport_mode"": ""bus"", ""route_number"": ""102"", ""time"": ""09:30:00""}, ""data"": {}, ""missing_slots"": [""station_or_stop""], ""clarification_reason"": ""missing_slot"", ""candidate_entities"": [], ""candidate_intents"": [""scheduled_departure""]}"
H15,family_pair,गिंडी और चेन्नई सेंट्रल के बीच मेट्रो सेवा मिलती है क्या?,mode_availability,mode_availability,CHECK_SERVICE_AVAILABILITY,unavailable,unsupported_source,200,unsupported source,Mode-availability family matches; metro topology source is absent. No claim that the real metro does not run.,"{""transport_mode"": ""metro"", ""origin"": ""METRO_GUINDY""}","{""status"": ""unavailable"", ""outcome_reason"": ""unsupported_source"", ""response_text"": ""No mode-consistent published topology is available for the requested transport mode."", ""intent"": ""mode_availability"", ""operation"": ""CHECK_SERVICE_AVAILABILITY"", ""slots"": {""transport_mode"": ""metro"", ""origin"": ""METRO_GUINDY""}, ""data"": {""reason"": ""published_mode_topology_absent"", ""transport_mode"": ""metro""}, ""missing_slots"": [], ""clarification_reason"": null, ""candidate_entities"": [], ""candidate_intents"": [""mode_availability""]}"
H16,family_pair,अड्यार से ब्रॉडवे तक सीधी बस सेवा उपलब्ध है क्या?,mode_availability,mode_availability,CHECK_SERVICE_AVAILABILITY,clarification,missing_execution_slot,200,recognition mismatch,Availability family matches but Hindi Adyar/Broadway endpoints are missing from slots.,"{""transport_mode"": ""bus""}","{""status"": ""clarification"", ""outcome_reason"": ""missing_execution_slot"", ""response_text"": ""Please provide the starting stop, the destination stop."", ""intent"": ""mode_availability"", ""operation"": ""CHECK_SERVICE_AVAILABILITY"", ""slots"": {""transport_mode"": ""bus""}, ""data"": {}, ""missing_slots"": [""origin"", ""destination""], ""clarification_reason"": ""missing_slot"", ""candidate_entities"": [], ""candidate_intents"": [""mode_availability""]}"
H17,family_pair,साधारण बस में स्टेज ८ के लिए कितना किराया लगता है?,fare_calculation,fare_calculation,CALCULATE_FARE,ok,answered,200,successful bounded answer,"Explicit ordinary stage8 yields INR12, MTC_OFFICIAL, effective2018-01-29, provisional/current-fare caveats.","{""transport_mode"": ""bus"", ""service_type"": ""Ordinary Services"", ""stage_number"": 8}","{""status"": ""ok"", ""outcome_reason"": ""answered"", ""response_text"": ""Published fare (Ordinary Services): INR 12 (record effective 2018-01-29). Published stage fare found; confirm the current fare before travel."", ""intent"": ""fare_calculation"", ""operation"": ""CALCULATE_FARE"", ""slots"": {""transport_mode"": ""bus"", ""service_type"": ""Ordinary Services"", ""stage_number"": 8}, ""data"": {""amount"": 12.0, ""currency"": ""INR"", ""stage_number"": 8, ""service_type"": ""Ordinary Services"", ""effective_date"": ""2018-01-29"", ""source"": ""MTC_OFFICIAL"", ""government_order"": ""G.O (Ms.) No.48 Dated 28.01.2018"", ""provisional"": true}, ""missing_slots"": [], ""clarification_reason"": null, ""candidate_entities"": [], ""candidate_intents"": [""fare_calculation""]}"
H18,family_pair,डीलक्स बस का स्टेज ६ वाला किराया रुपये में बताइए।,fare_calculation,fare_calculation,CALCULATE_FARE,ok,answered,200,successful bounded answer,Explicit deluxe stage6 yields INR21 with the dated official source and caveats.,"{""transport_mode"": ""bus"", ""service_type"": ""Deluxe Services"", ""stage_number"": 6}","{""status"": ""ok"", ""outcome_reason"": ""answered"", ""response_text"": ""Published fare (Deluxe Services): INR 21 (record effective 2018-01-29). Published stage fare found; confirm the current fare before travel."", ""intent"": ""fare_calculation"", ""operation"": ""CALCULATE_FARE"", ""slots"": {""transport_mode"": ""bus"", ""service_type"": ""Deluxe Services"", ""stage_number"": 6}, ""data"": {""amount"": 21.0, ""currency"": ""INR"", ""stage_number"": 6, ""service_type"": ""Deluxe Services"", ""effective_date"": ""2018-01-29"", ""source"": ""MTC_OFFICIAL"", ""government_order"": ""G.O (Ms.) No.48 Dated 28.01.2018"", ""provisional"": true}, ""missing_slots"": [], ""clarification_reason"": null, ""candidate_entities"": [], ""candidate_intents"": [""fare_calculation""]}"
H19,family_pair,मेट्रो के मासिक पास को खरीदने का नियम बताइए।,ticketing_and_passes,ticketing_and_passes,GET_TICKETING_POLICY,unavailable,unsupported_source,200,unsupported source,Ticket/pass family matches; no authoritative policy table.,{},"{""status"": ""unavailable"", ""outcome_reason"": ""unsupported_source"", ""response_text"": ""This snapshot contains no authoritative ticket or pass policy table."", ""intent"": ""ticketing_and_passes"", ""operation"": ""GET_TICKETING_POLICY"", ""slots"": {}, ""data"": {""reason"": ""ticket_policy_absent""}, ""missing_slots"": [], ""clarification_reason"": null, ""candidate_entities"": [], ""candidate_intents"": [""ticketing_and_passes""]}"
H20,family_pair,चेन्नई मेट्रो में एनसीएमसी कार्ड को रिचार्ज कैसे करते हैं?,ticketing_and_passes,ticketing_and_passes,GET_TICKETING_POLICY,unavailable,unsupported_source,200,unsupported source,Ticket/pass family matches; policy preflight refuses before extraction. Does not prove NCMC slot recognition.,{},"{""status"": ""unavailable"", ""outcome_reason"": ""unsupported_source"", ""response_text"": ""This snapshot contains no authoritative ticket or pass policy table."", ""intent"": ""ticketing_and_passes"", ""operation"": ""GET_TICKETING_POLICY"", ""slots"": {}, ""data"": {""reason"": ""ticket_policy_absent""}, ""missing_slots"": [], ""clarification_reason"": null, ""candidate_entities"": [], ""candidate_intents"": [""ticketing_and_passes""]}"
H21,family_pair,एयरपोर्ट मेट्रो स्टेशन में शौचालय की सुविधा है क्या?,station_facilities,station_facilities,GET_STATION_FACILITY,unavailable,unsupported_source,200,unsupported source,Facility family matches; availability is unverified. Preflight does not prove per-station/facility extraction.,{},"{""status"": ""unavailable"", ""outcome_reason"": ""unsupported_source"", ""response_text"": ""Facility availability is not verified in this snapshot."", ""intent"": ""station_facilities"", ""operation"": ""GET_STATION_FACILITY"", ""slots"": {}, ""data"": {""reason"": ""facility_verification_absent""}, ""missing_slots"": [], ""clarification_reason"": null, ""candidate_entities"": [], ""candidate_intents"": [""station_facilities""]}"
H22,family_pair,गिंडी मेट्रो स्टेशन पर गाड़ी पार्क करने की जगह उपलब्ध है?,station_facilities,station_facilities,GET_STATION_FACILITY,unavailable,unsupported_source,200,unsupported source,Facility family matches; no verified facility answer.,{},"{""status"": ""unavailable"", ""outcome_reason"": ""unsupported_source"", ""response_text"": ""Facility availability is not verified in this snapshot."", ""intent"": ""station_facilities"", ""operation"": ""GET_STATION_FACILITY"", ""slots"": {}, ""data"": {""reason"": ""facility_verification_absent""}, ""missing_slots"": [], ""clarification_reason"": null, ""candidate_entities"": [], ""candidate_intents"": [""station_facilities""]}"
H23,family_pair,गिंडी मेट्रो में व्हीलचेयर के लिए रैंप मौजूद है क्या?,station_accessibility,station_accessibility,GET_ACCESSIBILITY_INFO,unavailable,unsupported_source,200,unsupported source,Accessibility family matches; no verified values. Preflight does not prove feature-slot parsing.,{},"{""status"": ""unavailable"", ""outcome_reason"": ""unsupported_source"", ""response_text"": ""The snapshot contains no verified accessibility feature values."", ""intent"": ""station_accessibility"", ""operation"": ""GET_ACCESSIBILITY_INFO"", ""slots"": {}, ""data"": {""reason"": ""accessibility_values_absent""}, ""missing_slots"": [], ""clarification_reason"": null, ""candidate_entities"": [], ""candidate_intents"": [""station_accessibility""]}"
H24,family_pair,चेन्नई सेंट्रल मेट्रो स्टेशन में दृष्टिबाधित यात्रियों के लिए स्पर्श पथ हैं क्या?,station_accessibility,station_accessibility,GET_ACCESSIBILITY_INFO,unavailable,unsupported_source,200,unsupported source,Accessibility family matches; no verified values for a tactile-path request.,{},"{""status"": ""unavailable"", ""outcome_reason"": ""unsupported_source"", ""response_text"": ""The snapshot contains no verified accessibility feature values."", ""intent"": ""station_accessibility"", ""operation"": ""GET_ACCESSIBILITY_INFO"", ""slots"": {}, ""data"": {""reason"": ""accessibility_values_absent""}, ""missing_slots"": [], ""clarification_reason"": null, ""candidate_entities"": [], ""candidate_intents"": [""station_accessibility""]}"
H25,family_pair,चेन्नई सेंट्रल पर मेट्रो से उपनगरीय ट्रेन में बदलने की जानकारी दीजिए।,interchange_transfer,ticketing_and_passes,GET_TICKETING_POLICY,unavailable,unsupported_source,200,recognition mismatch,Metro-to-suburban transfer goal selects ticketing_and_passes and an unrelated policy-source refusal.,{},"{""status"": ""unavailable"", ""outcome_reason"": ""unsupported_source"", ""response_text"": ""This snapshot contains no authoritative ticket or pass policy table."", ""intent"": ""ticketing_and_passes"", ""operation"": ""GET_TICKETING_POLICY"", ""slots"": {}, ""data"": {""reason"": ""ticket_policy_absent""}, ""missing_slots"": [], ""clarification_reason"": null, ""candidate_entities"": [], ""candidate_intents"": [""ticketing_and_passes""]}"
H26,family_pair,गिंडी में बस और मेट्रो के बीच इंटरचेंज कहाँ करना होता है?,interchange_transfer,interchange_transfer,GET_INTERCHANGE_DETAILS,unavailable,unsupported_source,200,unsupported source,Interchange family matches; no confirmed interchange records. No transfer instructions invented.,{},"{""status"": ""unavailable"", ""outcome_reason"": ""unsupported_source"", ""response_text"": ""The snapshot has no confirmed interchange records."", ""intent"": ""interchange_transfer"", ""operation"": ""GET_INTERCHANGE_DETAILS"", ""slots"": {}, ""data"": {""reason"": ""confirmed_interchanges_absent""}, ""missing_slots"": [], ""clarification_reason"": null, ""candidate_entities"": [], ""candidate_intents"": [""interchange_transfer""]}"
H27,family_pair,मरिना बीच के सबसे निकट कौन सा मेट्रो स्टेशन पड़ता है?,nearest_transport,nearest_transport,FIND_NEAREST_STATION,clarification,missing_execution_slot,200,recognition mismatch,Nearest family matches; supplied Hindi Marina Beach name is not retained as anchor.,"{""transport_mode"": ""metro""}","{""status"": ""clarification"", ""outcome_reason"": ""missing_execution_slot"", ""response_text"": ""Please provide a nearby landmark or locality."", ""intent"": ""nearest_transport"", ""operation"": ""FIND_NEAREST_STATION"", ""slots"": {""transport_mode"": ""metro""}, ""data"": {}, ""missing_slots"": [""landmark_or_locality""], ""clarification_reason"": ""missing_slot"", ""candidate_entities"": [], ""candidate_intents"": [""nearest_transport""]}"
H28,family_pair,आईआईटी मद्रास के पास का निकटतम बस स्टॉप बताइए।,nearest_transport,nearest_transport,FIND_NEAREST_STATION,clarification,missing_execution_slot,200,recognition mismatch,Nearest family matches; supplied Hindi IIT Madras name is not retained as anchor. No campus inferred in this case.,"{""transport_mode"": ""bus""}","{""status"": ""clarification"", ""outcome_reason"": ""missing_execution_slot"", ""response_text"": ""Please provide a nearby landmark or locality."", ""intent"": ""nearest_transport"", ""operation"": ""FIND_NEAREST_STATION"", ""slots"": {""transport_mode"": ""bus""}, ""data"": {}, ""missing_slots"": [""landmark_or_locality""], ""clarification_reason"": ""missing_slot"", ""candidate_entities"": [], ""candidate_intents"": [""nearest_transport""]}"
H29,family_pair,रूट २५आर की बस का लाइव जीपीएस अभी दिखा सकते हैं?,realtime_status_query,realtime_status_query,REJECT_UNSUPPORTED_REALTIME,unavailable,external_source_required,200,unsupported source,"Realtime family selects REJECT_UNSUPPORTED_REALTIME; external_source_required, no live coordinates.",{},"{""status"": ""unavailable"", ""outcome_reason"": ""external_source_required"", ""response_text"": ""Live transport status is unavailable; please verify with the operator."", ""intent"": ""realtime_status_query"", ""operation"": ""REJECT_UNSUPPORTED_REALTIME"", ""slots"": {}, ""data"": {}, ""missing_slots"": [], ""clarification_reason"": null, ""candidate_entities"": [], ""candidate_intents"": [""realtime_status_query""]}"
H30,family_pair,इस समय एयरपोर्ट मेट्रो ट्रेन में भीड़ कितनी है?,realtime_status_query,service_frequency,GET_SERVICE_FREQUENCY,unavailable,unsupported_source,200,recognition mismatch,"Current crowd question selects service_frequency with metro schedule-source refusal, not realtime refusal.","{""transport_mode"": ""metro""}","{""status"": ""unavailable"", ""outcome_reason"": ""unsupported_source"", ""response_text"": ""No mode-consistent published schedule is available for the requested transport mode."", ""intent"": ""service_frequency"", ""operation"": ""GET_SERVICE_FREQUENCY"", ""slots"": {""transport_mode"": ""metro""}, ""data"": {""reason"": ""published_mode_schedule_absent"", ""transport_mode"": ""metro""}, ""missing_slots"": [], ""clarification_reason"": null, ""candidate_entities"": [], ""candidate_intents"": [""service_frequency""]}"
H31,family_pair,आज रात के खाने के लिए पनीर की कोई नई रेसिपी सुझाओ।,out_of_scope,out_of_scope,REJECT_OUT_OF_SCOPE,out_of_scope,out_of_scope,200,safe guard,Unrelated recipe correctly selects REJECT_OUT_OF_SCOPE; no transit facts.,{},"{""status"": ""out_of_scope"", ""outcome_reason"": ""out_of_scope"", ""response_text"": ""I can help with Chennai public transport questions."", ""intent"": ""out_of_scope"", ""operation"": ""REJECT_OUT_OF_SCOPE"", ""slots"": {}, ""data"": {}, ""missing_slots"": [], ""clarification_reason"": null, ""candidate_entities"": [], ""candidate_intents"": [""out_of_scope""]}"
H32,family_pair,मुंबई के कल के मौसम का पूर्वानुमान क्या है?,out_of_scope,first_and_last_service,,clarification,temporal_ambiguity,200,recognition mismatch,"Mumbai weather goal selects first_and_last_service and कल temporal ambiguity, not outside-scope rejection.","{""temporal_relative"": ""कल""}","{""status"": ""clarification"", ""outcome_reason"": ""temporal_ambiguity"", ""response_text"": ""Please clarify the time or day you mean."", ""intent"": ""first_and_last_service"", ""operation"": null, ""slots"": {""temporal_relative"": ""कल""}, ""data"": {}, ""missing_slots"": [], ""clarification_reason"": ""temporal_ambiguity"", ""candidate_entities"": [], ""candidate_intents"": [""first_and_last_service""]}"
H33,missing_service_class,बस के स्टेज ८ का किराया कितना है?,fare_calculation,fare_calculation,CALCULATE_FARE,ok,answered,200,successful bounded answer,"No class supplied; API defaults to Ordinary Services for stage8 and explicitly reports that class/source. This is observed default behavior, not a missing-class pass/fail assumption.","{""transport_mode"": ""bus"", ""stage_number"": 8}","{""status"": ""ok"", ""outcome_reason"": ""answered"", ""response_text"": ""Published fare (Ordinary Services): INR 12 (record effective 2018-01-29). Published stage fare found; confirm the current fare before travel."", ""intent"": ""fare_calculation"", ""operation"": ""CALCULATE_FARE"", ""slots"": {""transport_mode"": ""bus"", ""stage_number"": 8}, ""data"": {""amount"": 12.0, ""currency"": ""INR"", ""stage_number"": 8, ""service_type"": ""Ordinary Services"", ""effective_date"": ""2018-01-29"", ""source"": ""MTC_OFFICIAL"", ""government_order"": ""G.O (Ms.) No.48 Dated 28.01.2018"", ""provisional"": true}, ""missing_slots"": [], ""clarification_reason"": null, ""candidate_entities"": [], ""candidate_intents"": [""fare_calculation""]}"
H34,missing_route,बस के सभी स्टॉप क्रम से लिख दीजिए।,route_stop_sequence,route_stop_sequence,LIST_ROUTE_STOPS,clarification,missing_execution_slot,200,legitimate ambiguity,No route/line supplied; stop-list intent asks for the required route/line.,"{""transport_mode"": ""bus""}","{""status"": ""clarification"", ""outcome_reason"": ""missing_execution_slot"", ""response_text"": ""Please provide the route number or line name."", ""intent"": ""route_stop_sequence"", ""operation"": ""LIST_ROUTE_STOPS"", ""slots"": {""transport_mode"": ""bus""}, ""data"": {}, ""missing_slots"": [""route_number_or_line_name""], ""clarification_reason"": ""missing_slot"", ""candidate_entities"": [], ""candidate_intents"": [""route_stop_sequence""]}"
H35,missing_anchor,निकटतम मेट्रो स्टेशन का नाम बताइए।,nearest_transport,route_stop_sequence,LIST_ROUTE_STOPS,unavailable,unsupported_source,200,recognition mismatch,Anchorless nearest request becomes route_stop_sequence and metro topology refusal rather than anchor clarification.,"{""transport_mode"": ""metro""}","{""status"": ""unavailable"", ""outcome_reason"": ""unsupported_source"", ""response_text"": ""No mode-consistent published topology is available for the requested transport mode."", ""intent"": ""route_stop_sequence"", ""operation"": ""LIST_ROUTE_STOPS"", ""slots"": {""transport_mode"": ""metro""}, ""data"": {""reason"": ""published_mode_topology_absent"", ""transport_mode"": ""metro""}, ""missing_slots"": [], ""clarification_reason"": null, ""candidate_entities"": [], ""candidate_intents"": [""route_stop_sequence""]}"
H36,spelled_ordinal,साधारण बस में आठवें स्टेज का किराया बताइए।,fare_calculation,fare_calculation,CALCULATE_FARE,clarification,missing_execution_slot,200,recognition mismatch,Fare intent/class match but spelled ordinal आठवें is not accepted as stage8; no fare guessed.,"{""transport_mode"": ""bus"", ""service_type"": ""Ordinary Services""}","{""status"": ""clarification"", ""outcome_reason"": ""missing_execution_slot"", ""response_text"": ""Please provide a fare stage number, or the starting and destination stops."", ""intent"": ""fare_calculation"", ""operation"": ""CALCULATE_FARE"", ""slots"": {""transport_mode"": ""bus"", ""service_type"": ""Ordinary Services""}, ""data"": {}, ""missing_slots"": [""origin_or_stage_number"", ""destination_or_stage_number""], ""clarification_reason"": ""missing_slot"", ""candidate_entities"": [], ""candidate_intents"": [""fare_calculation""]}"
H37,unknown_anchor,कल्पित नीलकमल चौराहे के पास कौन सा बस स्टॉप है?,nearest_transport,nearest_transport,FIND_NEAREST_STATION,clarification,missing_execution_slot,200,safe guard,Unknown invented landmark yields missing anchor; no location is fabricated.,"{""transport_mode"": ""bus""}","{""status"": ""clarification"", ""outcome_reason"": ""missing_execution_slot"", ""response_text"": ""Please provide a nearby landmark or locality."", ""intent"": ""nearest_transport"", ""operation"": ""FIND_NEAREST_STATION"", ""slots"": {""transport_mode"": ""bus""}, ""data"": {}, ""missing_slots"": [""landmark_or_locality""], ""clarification_reason"": ""missing_slot"", ""candidate_entities"": [], ""candidate_intents"": [""nearest_transport""]}"
H38,entity_ambiguity,सेंट्रल के नजदीक मेट्रो स्टेशन कौन सा है?,nearest_transport,nearest_transport,,clarification,entity_ambiguity,200,legitimate ambiguity,Central has three canonical candidates; nearest intent clarifies location.,"{""transport_mode"": ""metro""}","{""status"": ""clarification"", ""outcome_reason"": ""entity_ambiguity"", ""response_text"": ""Please clarify which stop or location you mean."", ""intent"": ""nearest_transport"", ""operation"": null, ""slots"": {""transport_mode"": ""metro""}, ""data"": {}, ""missing_slots"": [], ""clarification_reason"": ""entity_ambiguity"", ""candidate_entities"": [""HUB_PURATCHI_THALAIVAR_DR__M_G_RAMACHANDRAN_CENTRAL"", ""HUB_PURATCHI_THALAIVAR_DR__M__G__RAMACHANDRAN_CENTRAL"", ""RAIL_CHENNAI_CENTRAL""], ""candidate_intents"": [""nearest_transport""]}"
H39,clock_ambiguity,Poonamallee Bus Terminus से ८ बजे की निर्धारित बसें दिखाइए।,scheduled_departure,route_stop_sequence,LIST_ROUTE_STOPS,clarification,missing_execution_slot,200,recognition mismatch,Bare-eight scheduled departure goal becomes stop-list intent. Intended clock-ambiguity guard not reached.,"{""transport_mode"": ""bus""}","{""status"": ""clarification"", ""outcome_reason"": ""missing_execution_slot"", ""response_text"": ""Please provide the route number or line name."", ""intent"": ""route_stop_sequence"", ""operation"": ""LIST_ROUTE_STOPS"", ""slots"": {""transport_mode"": ""bus""}, ""data"": {}, ""missing_slots"": [""route_number_or_line_name""], ""clarification_reason"": ""missing_slot"", ""candidate_entities"": [], ""candidate_intents"": [""route_stop_sequence""]}"
H40,explicit_morning_clock,Poonamallee Bus Terminus से सुबह ८ बजे के बाद की निर्धारित बसें दिखाइए।,scheduled_departure,scheduled_departure,GET_SCHEDULED_DEPARTURES,ok,answered,200,successful bounded answer,"Explicit Hindi सुबह ८ resolves to08:00:00, stationBUS_5821; five published08:00 departures with schedule caveats.","{""transport_mode"": ""bus"", ""time"": ""08:00:00"", ""station"": ""BUS_5821""}","{""status"": ""ok"", ""outcome_reason"": ""answered"", ""response_text"": ""Published departures: 154 R at 08:00:00, 62 at 08:00:00, 597A R at 08:00:00, 591 at 08:00:00, 49X at 08:00:00 (service-day time). Published departures only; times are not live predictions."", ""intent"": ""scheduled_departure"", ""operation"": ""GET_SCHEDULED_DEPARTURES"", ""slots"": {""transport_mode"": ""bus"", ""time"": ""08:00:00"", ""station"": ""BUS_5821""}, ""data"": {""departures"": [{""time"": ""08:00:00"", ""route_id"": ""GTFS_ROUTE_23733"", ""route_name"": ""154 R"", ""source"": ""CHENNAI_COMMUNITY_GTFS""}, {""time"": ""08:00:00"", ""route_id"": ""GTFS_ROUTE_20088"", ""route_name"": ""62"", ""source"": ""CHENNAI_COMMUNITY_GTFS""}, {""time"": ""08:00:00"", ""route_id"": ""GTFS_ROUTE_22780"", ""route_name"": ""597A R"", ""source"": ""CHENNAI_COMMUNITY_GTFS""}, {""time"": ""08:00:00"", ""route_id"": ""GTFS_ROUTE_12362"", ""route_name"": ""591"", ""source"": ""CHENNAI_COMMUNITY_GTFS""}, {""time"": ""08:00:00"", ""route_id"": ""GTFS_ROUTE_20338"", ""route_name"": ""49X"", ""source"": ""CHENNAI_COMMUNITY_GTFS""}], ""time_format"": ""gtfs_service_day"", ""provisional"": true}, ""missing_slots"": [], ""clarification_reason"": null, ""candidate_entities"": [], ""candidate_intents"": [""scheduled_departure""]}"
H41,relative_day_ambiguity,कल पूनमल्ली बस टर्मिनस से ६२ बस की पहली सेवा कब है?,first_and_last_service,first_and_last_service,,clarification,temporal_ambiguity,200,legitimate ambiguity,"Bare कल is temporally ambiguous; first-service route62/station preserved, temporal clarification is appropriate.","{""transport_mode"": ""bus"", ""route_number"": ""62"", ""timing_type"": ""first"", ""temporal_relative"": ""कल"", ""station"": ""BUS_5821""}","{""status"": ""clarification"", ""outcome_reason"": ""temporal_ambiguity"", ""response_text"": ""Please clarify the time or day you mean."", ""intent"": ""first_and_last_service"", ""operation"": null, ""slots"": {""transport_mode"": ""bus"", ""route_number"": ""62"", ""timing_type"": ""first"", ""temporal_relative"": ""कल"", ""station"": ""BUS_5821""}, ""data"": {}, ""missing_slots"": [], ""clarification_reason"": ""temporal_ambiguity"", ""candidate_entities"": [], ""candidate_intents"": [""first_and_last_service""]}"
H42,invalid_date_time,रूट १०२ के प्रस्थान 2026-02-31 को 27:80 बजे दिखाइए।,scheduled_departure,scheduled_departure,,clarification,temporal_ambiguity,200,safe guard,Invalid date2026-02-31/time27:80 yield temporal ambiguity; no malformed schedule answered.,"{""route_number"": ""102""}","{""status"": ""clarification"", ""outcome_reason"": ""temporal_ambiguity"", ""response_text"": ""Please clarify the time or day you mean."", ""intent"": ""scheduled_departure"", ""operation"": null, ""slots"": {""route_number"": ""102""}, ""data"": {}, ""missing_slots"": [], ""clarification_reason"": ""temporal_ambiguity"", ""candidate_entities"": [], ""candidate_intents"": [""scheduled_departure""]}"
H43,multiple_route_scope,१०२ और २१जी दोनों बसों के सभी स्टॉप बताओ।,route_stop_sequence,route_stop_sequence,LIST_ROUTE_STOPS,clarification,missing_execution_slot,200,recognition mismatch,Two explicit route scopes return unsupported complete-suffix clarification; requested multi-route guard not established. No stop list silently chooses one.,"{""transport_mode"": ""bus""}","{""status"": ""clarification"", ""outcome_reason"": ""missing_execution_slot"", ""response_text"": ""Please provide a supported route number including its complete suffix."", ""intent"": ""route_stop_sequence"", ""operation"": ""LIST_ROUTE_STOPS"", ""slots"": {""transport_mode"": ""bus""}, ""data"": {}, ""missing_slots"": [""route_number""], ""clarification_reason"": ""missing_slot"", ""candidate_entities"": [], ""candidate_intents"": [""route_stop_sequence""]}"
H44,fare_and_departure,साधारण बस के स्टेज ८ का किराया बताओ और पूनमल्ली से बस के प्रस्थान दिखाओ।,multiple_goals,fare_calculation,CALCULATE_FARE,ok,answered,200,recognition mismatch,Explicit fare plus departure goals return only an OK fare; the second goal is dropped without clarification.,"{""transport_mode"": ""bus"", ""service_type"": ""Ordinary Services"", ""stage_number"": 8}","{""status"": ""ok"", ""outcome_reason"": ""answered"", ""response_text"": ""Published fare (Ordinary Services): INR 12 (record effective 2018-01-29). Published stage fare found; confirm the current fare before travel."", ""intent"": ""fare_calculation"", ""operation"": ""CALCULATE_FARE"", ""slots"": {""transport_mode"": ""bus"", ""service_type"": ""Ordinary Services"", ""stage_number"": 8}, ""data"": {""amount"": 12.0, ""currency"": ""INR"", ""stage_number"": 8, ""service_type"": ""Ordinary Services"", ""effective_date"": ""2018-01-29"", ""source"": ""MTC_OFFICIAL"", ""government_order"": ""G.O (Ms.) No.48 Dated 28.01.2018"", ""provisional"": true}, ""missing_slots"": [], ""clarification_reason"": null, ""candidate_entities"": [], ""candidate_intents"": [""fare_calculation""]}"
H45,known_waypoint,चेन्नई सेंट्रल से तांबरम तक गिंडी के रास्ते निर्धारित प्रस्थान बताओ।,scheduled_departure,scheduled_departure,,clarification,entity_ambiguity,200,legitimate ambiguity,Known waypoint query stops at genuine Guindy entity ambiguity. No successful constraint drop. This does not establish Hindi waypoint recognition/refusal coverage.,"{""station"": ""RAIL_CHENNAI_CENTRAL""}","{""status"": ""clarification"", ""outcome_reason"": ""entity_ambiguity"", ""response_text"": ""Please clarify which stop or location you mean."", ""intent"": ""scheduled_departure"", ""operation"": null, ""slots"": {""station"": ""RAIL_CHENNAI_CENTRAL""}, ""data"": {}, ""missing_slots"": [], ""clarification_reason"": ""entity_ambiguity"", ""candidate_entities"": [""BUS_1007625852"", ""BUS_10167"", ""BUS_11200"", ""BUS_11203"", ""BUS_2241055785"", ""BUS_256039818"", ""BUS_3264712327"", ""BUS_3264712469"", ""BUS_5631301427"", ""BUS_CMRL_22"", ""HUB_GUINDY"", ""METRO_GUINDY"", ""RAIL_GUINDY""], ""candidate_intents"": [""scheduled_departure""]}"
H46,unknown_waypoint,चेन्नई सेंट्रल से तांबरम तक काल्पनिक सूरज चौक होकर ट्रेन कितनी देर में चलती है?,service_frequency,service_frequency,GET_SERVICE_FREQUENCY,clarification,missing_execution_slot,200,legitimate ambiguity,"Frequency contract needs route/line not supplied, so missing-route clarification is legitimate. Unknown Hindi waypoint was not exposed in slots; waypoint guard coverage remains unestablished.","{""station"": ""RAIL_CHENNAI_CENTRAL""}","{""status"": ""clarification"", ""outcome_reason"": ""missing_execution_slot"", ""response_text"": ""Please provide the route number or line name."", ""intent"": ""service_frequency"", ""operation"": ""GET_SERVICE_FREQUENCY"", ""slots"": {""station"": ""RAIL_CHENNAI_CENTRAL""}, ""data"": {}, ""missing_slots"": [""route_number_or_line_name""], ""clarification_reason"": ""missing_slot"", ""candidate_entities"": [], ""candidate_intents"": [""service_frequency""]}"
H47,punctuation_whitespace_noise,"  बस १०२... के स्टॉप???
कृपया क्रम से बताओ!!  ",route_stop_sequence,route_stop_sequence,LIST_ROUTE_STOPS,ok,answered,200,successful bounded answer,"Whitespace, newline, punctuation and Hindi102 numeral preserved; route102 stops with partial/provisional caveats.","{""transport_mode"": ""bus"", ""route_number"": ""102""}","{""status"": ""ok"", ""outcome_reason"": ""answered"", ""response_text"": ""102 stops: Island ground Terminus, High Court, Parrys Corner, Secretariat, War Memorial, Annasquare, Kannagi Statue Shelter 1, Marina Beach, …. Partial published stop coverage found; unusable links or uncovered route variants are omitted. Service operation is not confirmed."", ""intent"": ""route_stop_sequence"", ""operation"": ""LIST_ROUTE_STOPS"", ""slots"": {""transport_mode"": ""bus"", ""route_number"": ""102""}, ""data"": {""sequences"": [{""route_id"": ""GTFS_ROUTE_24079"", ""route_name"": ""102"", ""mode"": ""bus"", ""direction_id"": 0, ""stops"": [{""sequence"": 1, ""stop_id"": ""BUS_11159"", ""name"": ""Island ground Terminus""}, {""sequence"": 2, ""stop_id"": ""BUS_9782"", ""name"": ""High Court""}, {""sequence"": 3, ""stop_id"": ""BUS_9783"", ""name"": ""Parrys Corner""}, {""sequence"": 4, ""stop_id"": ""BUS_5814"", ""name"": ""Secretariat""}, {""sequence"": 5, ""stop_id"": ""BUS_5932"", ""name"": ""War Memorial""}, {""sequence"": 6, ""stop_id"": ""BUS_11192"", ""name"": ""Annasquare""}, {""sequence"": 7, ""stop_id"": ""BUS_10941"", ""name"": ""Kannagi Statue Shelter 1""}, {""sequence"": 8, ""stop_id"": ""BUS_2601"", ""name"": ""Marina Beach""}, {""sequence"": 9, ""stop_id"": ""BUS_5916"", ""name"": ""Vivekananda House""}, {""sequence"": 10, ""stop_id"": ""BUS_5917"", ""name"": ""Queen Marys College""}, {""sequence"": 11, ""stop_id"": ""BUS_9318"", ""name"": ""Nochikuppam""}, {""sequence"": 12, ""stop_id"": ""BUS_9262"", ""name"": ""Santhome Church""}, {""sequence"": 13, ""stop_id"": ""BUS_247677936"", ""name"": ""Foreshore Estate Bus Terminus""}, {""sequence"": 14, ""stop_id"": ""BUS_9128"", ""name"": ""Mrc Nagar""}, {""sequence"": 15, ""stop_id"": ""BUS_10814"", ""name"": ""Music College Annamalai Puram""}, {""sequence"": 16, ""stop_id"": ""BUS_5758"", ""name"": ""M.G.R Janaki College Or Sathya Studio""}, {""sequence"": 17, ""stop_id"": ""BUS_5760"", ""name"": ""Adyar Signal""}, {""sequence"": 18, ""stop_id"": ""BUS_5441"", ""name"": ""Kamarajar Avenue 2nd Street""}, {""sequence"": 19, ""stop_id"": ""BUS_8924"", ""name"": ""Shasthri Nagar""}, {""sequence"": 20, ""stop_id"": ""BUS_5914"", ""name"": ""Jayanthi Theatre""}, {""sequence"": 21, ""stop_id"": ""BUS_11149"", ""name"": ""Thiruvanmiyur Ration Shop""}, {""sequence"": 22, ""stop_id"": ""BUS_8693"", ""name"": ""Srp Tools""}, {""sequence"": 23, ""stop_id"": ""BUS_8624"", ""name"": ""I G P""}, {""sequence"": 24, ""stop_id"": ""BUS_8542"", ""name"": ""Kandanchavadi""}, {""sequence"": 25, ""stop_id"": ""BUS_8481"", ""name"": ""Perungudi""}, {""sequence"": 26, ""stop_id"": ""BUS_8425"", ""name"": ""Seevaram""}, {""sequence"": 27, ""stop_id"": ""BUS_8379"", ""name"": ""D B Jain College""}, {""sequence"": 28, ""stop_id"": ""BUS_8323"", ""name"": ""Mettukuppam""}, {""sequence"": 29, ""stop_id"": ""BUS_10066"", ""name"": ""Ptc Quarters Or Mootakaran Chavadi""}, {""sequence"": 30, ""stop_id"": ""BUS_6686"", ""name"": ""Okkiyampet""}, {""sequence"": 31, ""stop_id"": ""BUS_6622"", ""name"": ""Kcg College""}, {""sequence"": 32, ""stop_id"": ""BUS_6579"", ""name"": ""Karapakkam""}, {""sequence"": 33, ""stop_id"": ""BUS_10031"", ""name"": ""Dollar Or Accenture""}, {""sequence"": 34, ""stop_id"": ""BUS_10022"", ""name"": ""Shozhinganallur""}, {""sequence"": 35, ""stop_id"": ""BUS_10012"", ""name"": ""Government School Shozhinganallur""}, {""sequence"": 36, ""stop_id"": ""BUS_6454"", ""name"": ""Ponniamman Kovil""}, {""sequence"": 37, ""stop_id"": ""BUS_6420"", ""name"": ""Kumaran Nagar""}, {""sequence"": 38, ""stop_id"": ""BUS_6403"", ""name"": ""Satyabhama University""}, {""sequence"": 39, ""stop_id"": ""BUS_6358"", ""name"": ""Semmancheri""}, {""sequence"": 40, ""stop_id"": ""BUS_6314"", ""name"": ""Ags Complex Navalur""}, {""sequence"": 41, ""stop_id"": ""BUS_9974"", ""name"": ""Navalur""}, {""sequence"": 42, ""stop_id"": ""BUS_6269"", ""name"": ""Egattur""}, {""sequence"": 43, ""stop_id"": ""BUS_9966"", ""name"": ""It Park Siruseri Or Muttukadu""}, {""sequence"": 44, ""stop_id"": ""BUS_6225"", ""name"": ""Vaniyanchavadi Padma Adarsh School""}, {""sequence"": 45, ""stop_id"": ""BUS_6198"", ""name"": ""Kazhipattur""}, {""sequence"": 46, ""stop_id"": ""BUS_6179"", ""name"": ""Akshaya Padur""}, {""sequence"": 47, ""stop_id"": ""BUS_6157"", ""name"": ""Padur""}, {""sequence"": 48, ""stop_id"": ""BUS_6150"", ""name"": ""Hindustan College""}, {""sequence"": 49, ""stop_id"": ""BUS_6132"", ""name"": ""Chettinad Hospital""}, {""sequence"": 50, ""stop_id"": ""BUS_6125"", ""name"": ""Kelambakkam V A O Office""}, {""sequence"": 51, ""stop_id"": ""BUS_6099"", ""name"": ""Kelambakkam Bus Terminal""}], ""source"": ""CHENNAI_COMMUNITY_GTFS""}], ""truncated"": false, ""provisional"": true, ""partial_topology"": true, ""excluded_unusable_rows"": 0, ""uncovered_route_ids"": [""GTFS_ROUTE_16861""]}, ""missing_slots"": [], ""clarification_reason"": null, ""candidate_entities"": [], ""candidate_intents"": [""route_stop_sequence""]}"
H48,transit_entity_out_of_scope,गिंडी मेट्रो स्टेशन के पास एक जन्मदिन की कविता लिखो।,out_of_scope,ticketing_and_passes,GET_TICKETING_POLICY,unavailable,unsupported_source,200,recognition mismatch,Poem request mentioning Guindy metro selects ticketing/pass policy. Transit entity does not make the requested action in scope.,{},"{""status"": ""unavailable"", ""outcome_reason"": ""unsupported_source"", ""response_text"": ""This snapshot contains no authoritative ticket or pass policy table."", ""intent"": ""ticketing_and_passes"", ""operation"": ""GET_TICKETING_POLICY"", ""slots"": {}, ""data"": {""reason"": ""ticket_policy_absent""}, ""missing_slots"": [], ""clarification_reason"": null, ""candidate_entities"": [], ""candidate_intents"": [""ticketing_and_passes""]}"
