id,query,intended_family,actual_intent,actual_operation,actual_status,category,hindi_display_reply,english_verbatim,response_object_unchanged,ui_verified
H01,बस से चेन्नई सेंट्रल से एयरपोर्ट तक जाने का रास्ता बताइए।,point_to_point_route,point_to_point_route,,clarification,legitimate ambiguity,कृपया स्पष्ट करें कि आप किस स्टॉप या स्थान की बात कर रहे हैं।,True,True,False
H02,सचिवालय से वॉर मेमोरियल तक बस से कैसे पहुँचूँ?,point_to_point_route,point_to_point_route,PLAN_ROUTE,clarification,recognition mismatch,"कृपया शुरुआती स्टॉप, गंतव्य स्टॉप बताएं।",True,True,False
H03,गिंडी से चेन्नई एयरपोर्ट जाने के लिए बस और मेट्रो जोड़कर यात्रा बताइए।,multimodal_route,multimodal_route,PLAN_MULTIMODAL_ROUTE,unavailable,unsupported source,इस रिकॉर्ड संकलन में अलग परिवहन माध्यमों के बीच बदलाव का कोई पुष्ट नेटवर्क उपलब्ध नहीं है।,True,True,False
H04,तांबरम से अन्ना नगर तक लोकल ट्रेन और मेट्रो से यात्रा कैसे करूँ?,multimodal_route,point_to_point_route,,clarification,recognition mismatch,कृपया इस प्रश्न के लिए परिवहन का एक माध्यम चुनें।,True,True,False
H05,"बस संख्या १०२ किन-किन स्टॉप पर जाती है, क्रम में नाम बताइए।",route_stop_sequence,route_stop_sequence,LIST_ROUTE_STOPS,clarification,recognition mismatch,कृपया रूट नंबर या लाइन का नाम बताएं।,True,True,False
H06,रूट २५आर की बस के पूरे स्टॉपों की सूची दिखाइए।,route_stop_sequence,route_stop_sequence,LIST_ROUTE_STOPS,ok,successful bounded answer,"25 R के स्टॉप: Anna Square Bus Terminus one, Madras University, Marina Beach, Kannagi Statue Or Presidency College, Vivekananda House, Ice House Police Station, Meersahibpet Market, New College, …। प्रकाशित स्टॉप क्रम मिले हैं। सेवा संचालन की पुष्टि नहीं है।",True,True,False
H07,क्या १०२ नंबर बस मरिना बीच स्टॉप पर रुकती है?,route_stop_membership,route_stop_membership,CHECK_STOP_ON_ROUTE,clarification,recognition mismatch,कृपया पूरे प्रत्यय सहित समर्थित रूट नंबर बताएं।,True,True,False
H08,क्या २१जी बस गिंडी स्टॉप पर ठहरती है?,route_stop_membership,route_stop_membership,,clarification,legitimate ambiguity,कृपया स्पष्ट करें कि आप किस स्टॉप या स्थान की बात कर रहे हैं।,True,True,False
H09,आइलैंड ग्राउंड टर्मिनस से १०२ बस की पहली और आखिरी सेवा के समय बताइए।,first_and_last_service,first_and_last_service,GET_FIRST_LAST_SERVICE,clarification,recognition mismatch,कृपया चढ़ने का स्टॉप या स्टेशन बताएं।,True,True,False
H10,पूनमल्ली बस टर्मिनस से रूट ६२ की आखिरी बस का निर्धारित समय क्या है?,first_and_last_service,scheduled_departure,,clarification,recognition mismatch,"कृपया एक बार में एक रूट, स्टॉप, किराए के स्टेज या समय के बारे में पूछें।",True,True,False
H11,आइलैंड ग्राउंड टर्मिनस से रूट १०२ की बस कितने मिनट के अंतराल से चलती है?,service_frequency,service_frequency,,clarification,recognition mismatch,"कृपया एक बार में एक रूट, स्टॉप, किराए के स्टेज या समय के बारे में पूछें।",True,True,False
H12,पूनमल्ली बस टर्मिनस पर ६२ बस की निर्धारित आवृत्ति क्या है?,service_frequency,scheduled_departure,,clarification,recognition mismatch,"कृपया एक बार में एक रूट, स्टॉप, किराए के स्टेज या समय के बारे में पूछें।",True,True,False
H13,पूनमल्ली बस टर्मिनस से सुबह नौ बजे के बाद बसों का प्रस्थान समय बताइए।,scheduled_departure,first_and_last_service,GET_FIRST_LAST_SERVICE,ok,recognition mismatch,प्रकाशित पहला प्रस्थान: 00:18:00; अंतिम: 25:16:00 (सेवा-दिन का समय)। ये प्रकाशित समय-सारणी की सीमाएँ हैं; मौजूदा संचालन की पुष्टि ऑपरेटर से करें।,True,True,False
H14,आइलैंड ग्राउंड टर्मिनस से १०२ बस के निर्धारित प्रस्थान 09:30 AM के बाद दिखाइए।,scheduled_departure,scheduled_departure,GET_SCHEDULED_DEPARTURES,clarification,recognition mismatch,कृपया चढ़ने का स्टॉप या स्टेशन बताएं।,True,True,False
H15,गिंडी और चेन्नई सेंट्रल के बीच मेट्रो सेवा मिलती है क्या?,mode_availability,mode_availability,CHECK_SERVICE_AVAILABILITY,unavailable,unsupported source,माँगे गए परिवहन माध्यम से मेल खाता प्रकाशित रूट ढाँचा उपलब्ध नहीं है।,True,True,False
H16,अड्यार से ब्रॉडवे तक सीधी बस सेवा उपलब्ध है क्या?,mode_availability,mode_availability,CHECK_SERVICE_AVAILABILITY,clarification,recognition mismatch,"कृपया शुरुआती स्टॉप, गंतव्य स्टॉप बताएं।",True,True,False
H17,साधारण बस में स्टेज ८ के लिए कितना किराया लगता है?,fare_calculation,fare_calculation,CALCULATE_FARE,ok,successful bounded answer,प्रकाशित किराया (साधारण सेवाएँ): INR 12 (रिकॉर्ड की प्रभावी तारीख 2018-01-29)। प्रकाशित स्टेज किराया मिला है; यात्रा से पहले मौजूदा किराए की पुष्टि करें।,True,True,False
H18,डीलक्स बस का स्टेज ६ वाला किराया रुपये में बताइए।,fare_calculation,fare_calculation,CALCULATE_FARE,ok,successful bounded answer,प्रकाशित किराया (डीलक्स सेवाएँ): INR 21 (रिकॉर्ड की प्रभावी तारीख 2018-01-29)। प्रकाशित स्टेज किराया मिला है; यात्रा से पहले मौजूदा किराए की पुष्टि करें।,True,True,False
H19,मेट्रो के मासिक पास को खरीदने का नियम बताइए।,ticketing_and_passes,ticketing_and_passes,GET_TICKETING_POLICY,unavailable,unsupported source,इस रिकॉर्ड संकलन में टिकट या पास नीति की कोई आधिकारिक तालिका नहीं है।,True,True,False
H20,चेन्नई मेट्रो में एनसीएमसी कार्ड को रिचार्ज कैसे करते हैं?,ticketing_and_passes,ticketing_and_passes,GET_TICKETING_POLICY,unavailable,unsupported source,इस रिकॉर्ड संकलन में टिकट या पास नीति की कोई आधिकारिक तालिका नहीं है।,True,True,False
H21,एयरपोर्ट मेट्रो स्टेशन में शौचालय की सुविधा है क्या?,station_facilities,station_facilities,GET_STATION_FACILITY,unavailable,unsupported source,इस रिकॉर्ड संकलन में सुविधा की उपलब्धता सत्यापित नहीं है।,True,True,False
H22,गिंडी मेट्रो स्टेशन पर गाड़ी पार्क करने की जगह उपलब्ध है?,station_facilities,station_facilities,GET_STATION_FACILITY,unavailable,unsupported source,इस रिकॉर्ड संकलन में सुविधा की उपलब्धता सत्यापित नहीं है।,True,True,False
H23,गिंडी मेट्रो में व्हीलचेयर के लिए रैंप मौजूद है क्या?,station_accessibility,station_accessibility,GET_ACCESSIBILITY_INFO,unavailable,unsupported source,इस रिकॉर्ड संकलन में सुगम्यता सुविधाओं की सत्यापित जानकारी नहीं है।,True,True,False
H24,चेन्नई सेंट्रल मेट्रो स्टेशन में दृष्टिबाधित यात्रियों के लिए स्पर्श पथ हैं क्या?,station_accessibility,station_accessibility,GET_ACCESSIBILITY_INFO,unavailable,unsupported source,इस रिकॉर्ड संकलन में सुगम्यता सुविधाओं की सत्यापित जानकारी नहीं है।,True,True,False
H25,चेन्नई सेंट्रल पर मेट्रो से उपनगरीय ट्रेन में बदलने की जानकारी दीजिए।,interchange_transfer,ticketing_and_passes,GET_TICKETING_POLICY,unavailable,recognition mismatch,इस रिकॉर्ड संकलन में टिकट या पास नीति की कोई आधिकारिक तालिका नहीं है।,True,True,False
H26,गिंडी में बस और मेट्रो के बीच इंटरचेंज कहाँ करना होता है?,interchange_transfer,interchange_transfer,GET_INTERCHANGE_DETAILS,unavailable,unsupported source,इस रिकॉर्ड संकलन में परिवहन बदलाव के पुष्ट रिकॉर्ड नहीं हैं।,True,True,False
H27,मरिना बीच के सबसे निकट कौन सा मेट्रो स्टेशन पड़ता है?,nearest_transport,nearest_transport,FIND_NEAREST_STATION,clarification,recognition mismatch,कृपया नजदीकी पहचान का स्थान या इलाका बताएं।,True,True,False
H28,आईआईटी मद्रास के पास का निकटतम बस स्टॉप बताइए।,nearest_transport,nearest_transport,FIND_NEAREST_STATION,clarification,recognition mismatch,कृपया नजदीकी पहचान का स्थान या इलाका बताएं।,True,True,False
H29,रूट २५आर की बस का लाइव जीपीएस अभी दिखा सकते हैं?,realtime_status_query,realtime_status_query,REJECT_UNSUPPORTED_REALTIME,unavailable,unsupported source,लाइव परिवहन स्थिति अनुपलब्ध है; कृपया ऑपरेटर से पुष्टि करें।,True,True,False
H30,इस समय एयरपोर्ट मेट्रो ट्रेन में भीड़ कितनी है?,realtime_status_query,service_frequency,GET_SERVICE_FREQUENCY,unavailable,recognition mismatch,माँगे गए परिवहन माध्यम से मेल खाती प्रकाशित समय-सारणी उपलब्ध नहीं है।,True,True,False
H31,आज रात के खाने के लिए पनीर की कोई नई रेसिपी सुझाओ।,out_of_scope,out_of_scope,REJECT_OUT_OF_SCOPE,out_of_scope,safe guard,मैं चेन्नई के सार्वजनिक परिवहन से जुड़े प्रश्नों में मदद कर सकता हूँ।,True,True,False
H32,मुंबई के कल के मौसम का पूर्वानुमान क्या है?,out_of_scope,first_and_last_service,,clarification,recognition mismatch,कृपया समय या दिन स्पष्ट करें।,True,True,False
H33,बस के स्टेज ८ का किराया कितना है?,fare_calculation,fare_calculation,CALCULATE_FARE,ok,successful bounded answer,प्रकाशित किराया (साधारण सेवाएँ): INR 12 (रिकॉर्ड की प्रभावी तारीख 2018-01-29)। प्रकाशित स्टेज किराया मिला है; यात्रा से पहले मौजूदा किराए की पुष्टि करें।,True,True,False
H34,बस के सभी स्टॉप क्रम से लिख दीजिए।,route_stop_sequence,route_stop_sequence,LIST_ROUTE_STOPS,clarification,legitimate ambiguity,कृपया रूट नंबर या लाइन का नाम बताएं।,True,True,False
H35,निकटतम मेट्रो स्टेशन का नाम बताइए।,nearest_transport,route_stop_sequence,LIST_ROUTE_STOPS,unavailable,recognition mismatch,माँगे गए परिवहन माध्यम से मेल खाता प्रकाशित रूट ढाँचा उपलब्ध नहीं है।,True,True,False
H36,साधारण बस में आठवें स्टेज का किराया बताइए।,fare_calculation,fare_calculation,CALCULATE_FARE,clarification,recognition mismatch,कृपया किराए का स्टेज नंबर या शुरुआती और गंतव्य स्टॉप बताएं।,True,True,False
H37,कल्पित नीलकमल चौराहे के पास कौन सा बस स्टॉप है?,nearest_transport,nearest_transport,FIND_NEAREST_STATION,clarification,safe guard,कृपया नजदीकी पहचान का स्थान या इलाका बताएं।,True,True,False
H38,सेंट्रल के नजदीक मेट्रो स्टेशन कौन सा है?,nearest_transport,nearest_transport,,clarification,legitimate ambiguity,कृपया स्पष्ट करें कि आप किस स्टॉप या स्थान की बात कर रहे हैं।,True,True,False
H39,Poonamallee Bus Terminus से ८ बजे की निर्धारित बसें दिखाइए।,scheduled_departure,route_stop_sequence,LIST_ROUTE_STOPS,clarification,recognition mismatch,कृपया रूट नंबर या लाइन का नाम बताएं।,True,True,False
H40,Poonamallee Bus Terminus से सुबह ८ बजे के बाद की निर्धारित बसें दिखाइए।,scheduled_departure,scheduled_departure,GET_SCHEDULED_DEPARTURES,ok,successful bounded answer,"प्रकाशित प्रस्थान: 154 R — 08:00:00, 62 — 08:00:00, 597A R — 08:00:00, 591 — 08:00:00, 49X — 08:00:00 (सेवा-दिन का समय)। केवल प्रकाशित प्रस्थान; ये समय लाइव अनुमान नहीं हैं।",True,True,False
H41,कल पूनमल्ली बस टर्मिनस से ६२ बस की पहली सेवा कब है?,first_and_last_service,first_and_last_service,,clarification,legitimate ambiguity,कृपया समय या दिन स्पष्ट करें।,True,True,False
H42,रूट १०२ के प्रस्थान 2026-02-31 को 27:80 बजे दिखाइए।,scheduled_departure,scheduled_departure,,clarification,safe guard,कृपया समय या दिन स्पष्ट करें।,True,True,False
H43,१०२ और २१जी दोनों बसों के सभी स्टॉप बताओ।,route_stop_sequence,route_stop_sequence,LIST_ROUTE_STOPS,clarification,recognition mismatch,कृपया पूरे प्रत्यय सहित समर्थित रूट नंबर बताएं।,True,True,False
H44,साधारण बस के स्टेज ८ का किराया बताओ और पूनमल्ली से बस के प्रस्थान दिखाओ।,multiple_goals,fare_calculation,CALCULATE_FARE,ok,recognition mismatch,प्रकाशित किराया (साधारण सेवाएँ): INR 12 (रिकॉर्ड की प्रभावी तारीख 2018-01-29)। प्रकाशित स्टेज किराया मिला है; यात्रा से पहले मौजूदा किराए की पुष्टि करें।,True,True,False
H45,चेन्नई सेंट्रल से तांबरम तक गिंडी के रास्ते निर्धारित प्रस्थान बताओ।,scheduled_departure,scheduled_departure,,clarification,legitimate ambiguity,कृपया स्पष्ट करें कि आप किस स्टॉप या स्थान की बात कर रहे हैं।,True,True,False
H46,चेन्नई सेंट्रल से तांबरम तक काल्पनिक सूरज चौक होकर ट्रेन कितनी देर में चलती है?,service_frequency,service_frequency,GET_SERVICE_FREQUENCY,clarification,legitimate ambiguity,कृपया रूट नंबर या लाइन का नाम बताएं।,True,True,False
H47,"  बस १०२... के स्टॉप???
कृपया क्रम से बताओ!!  ",route_stop_sequence,route_stop_sequence,LIST_ROUTE_STOPS,ok,successful bounded answer,"102 के स्टॉप: Island ground Terminus, High Court, Parrys Corner, Secretariat, War Memorial, Annasquare, Kannagi Statue Shelter 1, Marina Beach, …। प्रकाशित स्टॉप कवरेज अधूरा है; अनुपयोगी कड़ियाँ या बिना कवरेज वाले रूट विकल्प छोड़े गए हैं। सेवा संचालन की पुष्टि नहीं है।",True,True,False
H48,गिंडी मेट्रो स्टेशन के पास एक जन्मदिन की कविता लिखो।,out_of_scope,ticketing_and_passes,GET_TICKETING_POLICY,unavailable,recognition mismatch,इस रिकॉर्ड संकलन में टिकट या पास नीति की कोई आधिकारिक तालिका नहीं है।,True,True,False
