source_id,source_name,organization,official_status,data_category,transport_mode,coverage,source_url,format,collection_method,license,update_frequency,published_date,last_updated,last_checked,last_downloaded,requires_manual_fetch,reliability_notes,status,notes
CUMTA_OFFICIAL,CUMTA Unified Transit Portal,Chennai Unified Metropolitan Transport Authority (CUMTA),tier_1_official,multimodal_network,multimodal,CMA,https://cumta.tn.gov.in/,GTFS/HTML/API,download,REVIEW_REQUIRED,irregular,2024-01-01,2026-09-18,2026-09-18,,true,Primary unified metropolitan transport authority in Tamil Nadu. Subject to portal accessibility.,candidate_active,Official metropolitan umbrella authority
CMRL_API,CMRL WordPress Station Information API,Chennai Metro Rail Limited (CMRL),tier_1_official,metro_stations,metro,Phase I and Extension,https://chennaimetrorail.org/wp-json/wp/v2/station-information?per_page=100,JSON,API,REVIEW_REQUIRED,monthly,2024-04-20,2026-09-17,2026-09-18,2026-09-17,false,Official live REST API endpoint providing operational station details and map embeds.,active,Authoritative for operational CMRL station list and line assignments
CMRL_WEB,CMRL Official Web Portal (Facilities and Corridors),Chennai Metro Rail Limited (CMRL),tier_1_official,facilities_and_routes,metro,Phase I and Phase II,https://chennaimetrorail.org/,HTML/PDF,HTML scrape,REVIEW_REQUIRED,monthly,2024-01-01,2026-09-17,2026-09-18,,false,Official informational portal disclosing station facilities entrances and Phase II alignment.,active,Source for universal accessibility disclosures
MTC_OFFICIAL,MTC Official Bus Portal & Route Disclosures,Metropolitan Transport Corporation (Chennai) Ltd.,tier_1_official,bus_routes_and_fares,bus,CMA and extended routes,https://mtcbus.tn.gov.in/,HTML/PDF,HTML scrape,REVIEW_REQUIRED,irregular,2024-01-01,2026-09-18,2026-09-18,,false,Authoritative city bus operator for Chennai metropolitan area.,active,Authoritative for bus fare stages and operating routes
SOUTHERN_RAILWAY_DOCS,Southern Railway Chennai Suburban & MRTS Tables,Southern Railway (Indian Railways),tier_1_official,suburban_rail_and_mrts,suburban_rail,Chennai Division Suburban & MRTS,https://sr.indianrailways.gov.in/,PDF/HTML,manual fetch,REVIEW_REQUIRED,seasonal,2024-05-01,2026-09-18,2026-09-18,,false,Authoritative national railway zonal operator. Timetables and station sequence disclosures.,active,Authoritative for broad gauge suburban and MRTS services
OSM_OVERPASS,OpenStreetMap Chennai Overpass API,OpenStreetMap Contributors,tier_3_open_geodata,geospatial_transit_and_pois,multimodal,CMA and surrounding districts,https://overpass-api.de/api/interpreter,JSON/GeoJSON,Overpass query,ODbL,continuous,2026-09-18,2026-09-18,2026-09-18,,false,Global community geospatial database. High spatial precision for platforms entrances and POIs.,active,Overpass queries for stations tracks entrances and landmarks
CHENNAI_COMMUNITY_GTFS,Chennai Open Transit GTFS Feed,ChennaiGTFS Community Project,tier_3_community_open,transit_schedule_and_routes,bus,MTC Chennai coverage,https://github.com/ChennaiGTFS,GTFS,download,ODbL,irregular,2024-03-01,2026-09-18,2026-09-18,,false,Community-maintained GTFS feed covering MTC routes and stop sequences. Used as overlapping evidence.,active,Supplementary overlapping evidence; subordinate to official operator feeds
CMRL_LEGACY_VERIFIED,CMRL Verified Fixture (Phase 1 Baseline),Chennai Metro Rail Limited / Local Project Baseline,tier_1_curated_subset,metro_ground_truth,metro,Corridors 1 and 2,data/curated/cmrl_verified_stations.json,JSON,manual dataset,REVIEW_REQUIRED,static,2026-09-17,2026-09-17,2026-09-18,2026-09-17,false,Historically curated and verified 13-station ground truth supporting the frozen acceptance suite.,active_frozen,Ground truth baseline for acceptance tests
CURATED_MULTIMODAL_UNVERIFIED,Locally Curated Multimodal Fixture,Local Scratch Synthesis,tier_4_supplementary,multimodal_stations_aliases,multimodal,CMA multimodal network,data/curated/chennai_multimodal_stations.json,JSON,manual dataset,REVIEW_REQUIRED,static,2026-09-18,2026-09-18,2026-09-18,2026-09-18,false,Synthesized 75-station multimodal fixture. Unverified provenance; must not override official records.,unverified_supplementary,Tier 4 supplementary evidence requiring provenance before canonical promotion
