hub_id,hub_name,priority_tier,member_entity_id,member_name,member_mode,paired_entity_id,paired_name,paired_mode,walking_distance_m,confidence,requires_review,verified,notes
HUB_ALANDUR,Alandur,TIER_1_CORE,GTFS_STOP_11,Alandur Depot,bus,GTFS_STOP_11124,Nanganallur Metro,metro,330.4,0.5,True,False,Cross-mode candidate in TIER_1_CORE: bus <-> metro at 330.4m.
HUB_ALANDUR,Alandur,TIER_1_CORE,GTFS_STOP_8929,Alandur Depot,bus,GTFS_STOP_11124,Nanganallur Metro,metro,383.0,0.5,True,False,Cross-mode candidate in TIER_1_CORE: bus <-> metro at 383.0m.
HUB_ALANDUR,Alandur,TIER_1_CORE,GTFS_STOP_8928,Alandur Depot,bus,GTFS_STOP_11124,Nanganallur Metro,metro,310.3,0.5,True,False,Cross-mode candidate in TIER_1_CORE: bus <-> metro at 310.3m.
HUB_CMBT,CMBT,TIER_1_CORE,OSM_RAIL_5321248890,CMBT,metro,OSM_BUS_306104406,Puratchi Thalaivar Dr. M.G.R Bus Terminus,bus,123.9,0.75,True,False,Cross-mode candidate in TIER_1_CORE: metro <-> bus at 123.9m.
HUB_CMBT,CMBT,TIER_1_CORE,OSM_RAIL_5321248890,CMBT,metro,OSM_BUS_11598619872,Bus to Mamallapuram,bus,103.2,0.75,True,False,Cross-mode candidate in TIER_1_CORE: metro <-> bus at 103.2m.
HUB_CMBT,CMBT,TIER_1_CORE,OSM_RAIL_5321248890,CMBT,metro,GTFS_STOP_5822,M.G.R.Koyambedu Bus Terminus,bus,135.4,0.75,True,False,Cross-mode candidate in TIER_1_CORE: metro <-> bus at 135.4m.
HUB_CMBT,CMBT,TIER_1_CORE,OSM_RAIL_5321248890,CMBT,metro,OSM_BUS_5318548733,SRM Travels,bus,305.9,0.5,True,False,Cross-mode candidate in TIER_1_CORE: metro <-> bus at 305.9m.
HUB_CMBT,CMBT,TIER_1_CORE,OSM_RAIL_5321248890,CMBT,metro,OSM_BUS_10980207098,Koyambedu Mofussil Bus Terminal,bus,346.1,0.5,True,False,Cross-mode candidate in TIER_1_CORE: metro <-> bus at 346.1m.
HUB_CMBT,CMBT,TIER_1_CORE,OSM_RAIL_5321248890,CMBT,metro,OSM_BUS_10980207099,Koyambedu Mofussil Bus Terminal,bus,333.4,0.5,True,False,Cross-mode candidate in TIER_1_CORE: metro <-> bus at 333.4m.
HUB_CMBT,CMBT,TIER_1_CORE,OSM_RAIL_5321248890,CMBT,metro,OSM_BUS_10980207100,Koyambedu Mofussil Bus Terminal,bus,258.7,0.5,True,False,Cross-mode candidate in TIER_1_CORE: metro <-> bus at 258.7m.
HUB_CHENNAI_EGMORE,Chennai Egmore,TIER_1_CORE,OSM_RAIL_5275790188,Chennai Egmore,suburban_rail,OSM_RAIL_5329907499,Egmore,metro,342.2,0.9,True,False,Cross-mode candidate in TIER_1_CORE: suburban_rail <-> metro at 342.2m.
HUB_CHENNAI_EGMORE,Chennai Egmore,TIER_1_CORE,OSM_RAIL_5275790188,Chennai Egmore,suburban_rail,OSM_RAIL_5328279403,Egmore Metro,metro,341.5,0.5,True,False,Cross-mode candidate in TIER_1_CORE: suburban_rail <-> metro at 341.5m.
HUB_CHENNAI_INTERNATIONAL_AIRPORT,Chennai International Airport,TIER_1_CORE,CMRL_API_6675,Chennai International Airport,metro,OSM_RAIL_4885083053,Tirusulam,suburban_rail,176.3,0.75,True,False,Cross-mode candidate in TIER_1_CORE: metro <-> suburban_rail at 176.3m.
HUB_EGMORE,Egmore,TIER_1_CORE,CMRL_API_6930,Egmore Metro,metro,OSM_RAIL_5275790188,Chennai Egmore,suburban_rail,146.4,0.75,True,False,Cross-mode candidate in TIER_1_CORE: metro <-> suburban_rail at 146.4m.
HUB_EGMORE,Egmore,TIER_1_CORE,OSM_RAIL_652426199,Egmore Metro,metro,OSM_RAIL_5275790188,Chennai Egmore,suburban_rail,342.9,0.5,True,False,Cross-mode candidate in TIER_1_CORE: metro <-> suburban_rail at 342.9m.
HUB_GUINDY,Guindy,TIER_1_CORE,OSM_RAIL_3264712327,Guindy,suburban_rail,OSM_BUS_3264888779,Guindy Bus Stand,bus,201.2,0.9,True,False,Cross-mode candidate in TIER_1_CORE: suburban_rail <-> bus at 201.2m.
HUB_GUINDY,Guindy,TIER_1_CORE,OSM_RAIL_3264712327,Guindy,suburban_rail,GTFS_STOP_1461,Guindy Bus Terminus,bus,159.0,0.9,True,False,Cross-mode candidate in TIER_1_CORE: suburban_rail <-> bus at 159.0m.
HUB_GUINDY,Guindy,TIER_1_CORE,OSM_RAIL_3264712327,Guindy,suburban_rail,GTFS_STOP_9011,Guindy Metro Station,metro,84.8,0.9,True,False,Cross-mode candidate in TIER_1_CORE: suburban_rail <-> metro at 84.8m.
HUB_GUINDY,Guindy,TIER_1_CORE,OSM_RAIL_3264712327,Guindy,suburban_rail,OSM_RAIL_5321248425,கிண்டி,metro,82.0,0.75,True,False,Cross-mode candidate in TIER_1_CORE: suburban_rail <-> metro at 82.0m.
HUB_GUINDY,Guindy,TIER_1_CORE,OSM_RAIL_3264712327,Guindy,suburban_rail,OSM_RAIL_6285857247,கிண்டி,metro,86.0,0.75,True,False,Cross-mode candidate in TIER_1_CORE: suburban_rail <-> metro at 86.0m.
HUB_GUINDY,Guindy,TIER_1_CORE,OSM_RAIL_3264712327,Guindy,suburban_rail,OSM_RAIL_6285857248,கிண்டி,metro,85.0,0.75,True,False,Cross-mode candidate in TIER_1_CORE: suburban_rail <-> metro at 85.0m.
HUB_GUINDY,Guindy,TIER_1_CORE,OSM_BUS_3264888779,Guindy Bus Stand,bus,GTFS_STOP_9011,Guindy Metro Station,metro,243.9,0.75,True,False,Cross-mode candidate in TIER_1_CORE: bus <-> metro at 243.9m.
HUB_GUINDY,Guindy,TIER_1_CORE,GTFS_STOP_1461,Guindy Bus Terminus,bus,GTFS_STOP_9011,Guindy Metro Station,metro,189.6,0.75,True,False,Cross-mode candidate in TIER_1_CORE: bus <-> metro at 189.6m.
HUB_PURATCHI_THALAIVAR_DR__M__G__RAMACHANDRAN_CENTRAL,Puratchi Thalaivar Dr. M. G. Ramachandran Central,TIER_1_CORE,OSM_RAIL_2481969291,Puratchi Thalaivar Dr. M. G. Ramachandran Central,suburban_rail,OSM_RAIL_5329907502,Central Metro,metro,233.9,0.9,True,False,Cross-mode candidate in TIER_1_CORE: suburban_rail <-> metro at 233.9m.
HUB_PURATCHI_THALAIVAR_DR__M__G__RAMACHANDRAN_CENTRAL,Puratchi Thalaivar Dr. M. G. Ramachandran Central,TIER_1_CORE,OSM_RAIL_2481969291,Puratchi Thalaivar Dr. M. G. Ramachandran Central,suburban_rail,OSM_RAIL_6285857250,Central Metro,metro,235.6,0.9,True,False,Cross-mode candidate in TIER_1_CORE: suburban_rail <-> metro at 235.6m.
HUB_PURATCHI_THALAIVAR_DR__M__G__RAMACHANDRAN_CENTRAL,Puratchi Thalaivar Dr. M. G. Ramachandran Central,TIER_1_CORE,OSM_RAIL_2481969291,Puratchi Thalaivar Dr. M. G. Ramachandran Central,suburban_rail,OSM_RAIL_6285857251,Central Metro,metro,235.0,0.9,True,False,Cross-mode candidate in TIER_1_CORE: suburban_rail <-> metro at 235.0m.
HUB_PURATCHI_THALAIVAR_DR__M__G__RAMACHANDRAN_CENTRAL,Puratchi Thalaivar Dr. M. G. Ramachandran Central,TIER_1_CORE,OSM_RAIL_2481969291,Puratchi Thalaivar Dr. M. G. Ramachandran Central,suburban_rail,OSM_RAIL_6285857252,Central Metro,metro,234.4,0.9,True,False,Cross-mode candidate in TIER_1_CORE: suburban_rail <-> metro at 234.4m.
HUB_PURATCHI_THALAIVAR_DR__M__G__RAMACHANDRAN_CENTRAL,Puratchi Thalaivar Dr. M. G. Ramachandran Central,TIER_1_CORE,OSM_RAIL_2481969291,Puratchi Thalaivar Dr. M. G. Ramachandran Central,suburban_rail,OSM_RAIL_6285857253,Central Metro,metro,234.8,0.9,True,False,Cross-mode candidate in TIER_1_CORE: suburban_rail <-> metro at 234.8m.
HUB_PURATCHI_THALAIVAR_DR__M_G_RAMACHANDRAN_CENTRAL,Puratchi Thalaivar Dr. M.G.Ramachandran Central,TIER_1_CORE,CMRL_API_6932,Puratchi Thalaivar Dr. M.G.Ramachandran Central Metro,metro,OSM_RAIL_2481969291,Puratchi Thalaivar Dr. M. G. Ramachandran Central,suburban_rail,414.7,0.9,True,False,Cross-mode candidate in TIER_1_CORE: metro <-> suburban_rail at 414.7m.
HUB_PURATCHI_THALAIVAR_DR__M_G_RAMACHANDRAN_CENTRAL,Puratchi Thalaivar Dr. M.G.Ramachandran Central,TIER_1_CORE,CMRL_API_7090,Puratchi Thalaivar Dr. M.G.Ramachandran Central Metro,metro,OSM_RAIL_2481969291,Puratchi Thalaivar Dr. M. G. Ramachandran Central,suburban_rail,414.7,0.9,True,False,Cross-mode candidate in TIER_1_CORE: metro <-> suburban_rail at 414.7m.
HUB_PURATCHI_THALAIVAR_DR__M_G_RAMACHANDRAN_CENTRAL,Puratchi Thalaivar Dr. M.G.Ramachandran Central,TIER_1_CORE,CMRL_API_6932,Puratchi Thalaivar Dr. M.G.Ramachandran Central Metro,metro,OSM_RAIL_2481258999,Chennai Park,suburban_rail,54.7,0.75,True,False,Cross-mode candidate in TIER_1_CORE: metro <-> suburban_rail at 54.7m.
HUB_PURATCHI_THALAIVAR_DR__M_G_RAMACHANDRAN_CENTRAL,Puratchi Thalaivar Dr. M.G.Ramachandran Central,TIER_1_CORE,CMRL_API_7090,Puratchi Thalaivar Dr. M.G.Ramachandran Central Metro,metro,OSM_RAIL_2481258999,Chennai Park,suburban_rail,54.7,0.75,True,False,Cross-mode candidate in TIER_1_CORE: metro <-> suburban_rail at 54.7m.
HUB_PURATCHI_THALAIVAR_DR__M_G_RAMACHANDRAN_CENTRAL,Puratchi Thalaivar Dr. M.G.Ramachandran Central,TIER_1_CORE,CMRL_API_6932,Puratchi Thalaivar Dr. M.G.Ramachandran Central Metro,metro,OSM_RAIL_2481258995,Chennai Park Town,suburban_rail,418.0,0.5,True,False,Cross-mode candidate in TIER_1_CORE: metro <-> suburban_rail at 418.0m.
HUB_PURATCHI_THALAIVAR_DR__M_G_RAMACHANDRAN_CENTRAL,Puratchi Thalaivar Dr. M.G.Ramachandran Central,TIER_1_CORE,CMRL_API_7090,Puratchi Thalaivar Dr. M.G.Ramachandran Central Metro,metro,OSM_RAIL_2481258995,Chennai Park Town,suburban_rail,418.0,0.5,True,False,Cross-mode candidate in TIER_1_CORE: metro <-> suburban_rail at 418.0m.
HUB_PURATCHI_THALAIVI_DR_J_JAYALALITHAA_CMBT,Puratchi Thalaivi Dr.J.Jayalalithaa CMBT,TIER_1_CORE,CMRL_API_6912,Puratchi Thalaivi Dr.J.Jayalalithaa CMBT Metro,metro,OSM_BUS_4546369389,Paulo bus stand,bus,310.7,0.5,True,False,Cross-mode candidate in TIER_1_CORE: metro <-> bus at 310.7m.
HUB_PURATCHI_THALAIVI_DR_J_JAYALALITHAA_CMBT,Puratchi Thalaivi Dr.J.Jayalalithaa CMBT,TIER_1_CORE,CMRL_API_6912,Puratchi Thalaivi Dr.J.Jayalalithaa CMBT Metro,metro,OSM_BUS_306104406,Puratchi Thalaivar Dr. M.G.R Bus Terminus,bus,356.7,0.5,True,False,Cross-mode candidate in TIER_1_CORE: metro <-> bus at 356.7m.
HUB_PURATCHI_THALAIVI_DR_J_JAYALALITHAA_CMBT,Puratchi Thalaivi Dr.J.Jayalalithaa CMBT,TIER_1_CORE,CMRL_API_6912,Puratchi Thalaivi Dr.J.Jayalalithaa CMBT Metro,metro,OSM_BUS_5318548733,SRM Travels,bus,289.3,0.5,True,False,Cross-mode candidate in TIER_1_CORE: metro <-> bus at 289.3m.
HUB_PURATCHI_THALAIVI_DR_J_JAYALALITHAA_CMBT,Puratchi Thalaivi Dr.J.Jayalalithaa CMBT,TIER_1_CORE,CMRL_API_6912,Puratchi Thalaivi Dr.J.Jayalalithaa CMBT Metro,metro,OSM_BUS_10980207100,Koyambedu Mofussil Bus Terminal,bus,427.6,0.5,True,False,Cross-mode candidate in TIER_1_CORE: metro <-> bus at 427.6m.
HUB_PURATCHI_THALAIVI_DR_J_JAYALALITHAA_CMBT,Puratchi Thalaivi Dr.J.Jayalalithaa CMBT,TIER_1_CORE,CMRL_API_6912,Puratchi Thalaivi Dr.J.Jayalalithaa CMBT Metro,metro,OSM_BUS_11598619872,Bus to Mamallapuram,bus,335.7,0.5,True,False,Cross-mode candidate in TIER_1_CORE: metro <-> bus at 335.7m.
HUB_PURATCHI_THALAIVI_DR_J_JAYALALITHAA_CMBT,Puratchi Thalaivi Dr.J.Jayalalithaa CMBT,TIER_1_CORE,CMRL_API_6912,Puratchi Thalaivi Dr.J.Jayalalithaa CMBT Metro,metro,GTFS_STOP_5822,M.G.R.Koyambedu Bus Terminus,bus,363.3,0.5,True,False,Cross-mode candidate in TIER_1_CORE: metro <-> bus at 363.3m.
HUB_TAMBARAM,Tambaram,TIER_1_CORE,OSM_RAIL_5286945822,Tambaram,suburban_rail,OSM_BUS_340088810,Tambaram MTC Terminus,bus,136.9,0.9,True,False,Cross-mode candidate in TIER_1_CORE: suburban_rail <-> bus at 136.9m.
HUB_TAMBARAM,Tambaram,TIER_1_CORE,OSM_RAIL_5286945822,Tambaram,suburban_rail,OSM_BUS_340088821,Tambaram East MTC Terminus,bus,260.0,0.9,True,False,Cross-mode candidate in TIER_1_CORE: suburban_rail <-> bus at 260.0m.
HUB_TAMBARAM,Tambaram,TIER_1_CORE,OSM_RAIL_5286945822,Tambaram,suburban_rail,OSM_BUS_442132009,Tambaram Bus Stand,bus,232.1,0.9,True,False,Cross-mode candidate in TIER_1_CORE: suburban_rail <-> bus at 232.1m.
HUB_TAMBARAM_SANATORIUM,Tambaram Sanatorium,TIER_1_CORE,OSM_RAIL_5311775880,Tambaram Sanatorium,suburban_rail,OSM_BUS_7205568985,தாம்பரம் சானடோரியம் பேருந்து நிலையம்,bus,371.4,0.5,True,False,Cross-mode candidate in TIER_1_CORE: suburban_rail <-> bus at 371.4m.
HUB_____________,அரும்பாக்கம்,TIER_1_CORE,OSM_RAIL_9592492224,அரும்பாக்கம்,metro,GTFS_STOP_10924,M.M.D.A.Colony Terminus,bus,386.8,0.5,True,False,Cross-mode candidate in TIER_1_CORE: metro <-> bus at 386.8m.
HUB_____________,அரும்பாக்கம்,TIER_1_CORE,OSM_RAIL_9592492225,அரும்பாக்கம்,metro,GTFS_STOP_10924,M.M.D.A.Colony Terminus,bus,391.6,0.5,True,False,Cross-mode candidate in TIER_1_CORE: metro <-> bus at 391.6m.
HUB_______,கிண்டி,TIER_1_CORE,OSM_RAIL_5321248425,கிண்டி,metro,GTFS_STOP_1461,Guindy Bus Terminus,bus,196.7,0.75,True,False,Cross-mode candidate in TIER_1_CORE: metro <-> bus at 196.7m.
HUB_______,கிண்டி,TIER_1_CORE,OSM_RAIL_6285857247,கிண்டி,metro,OSM_BUS_3264888779,Guindy Bus Stand,bus,248.3,0.75,True,False,Cross-mode candidate in TIER_1_CORE: metro <-> bus at 248.3m.
HUB_______,கிண்டி,TIER_1_CORE,OSM_RAIL_6285857247,கிண்டி,metro,GTFS_STOP_1461,Guindy Bus Terminus,bus,194.2,0.75,True,False,Cross-mode candidate in TIER_1_CORE: metro <-> bus at 194.2m.
HUB_______,கிண்டி,TIER_1_CORE,OSM_RAIL_6285857248,கிண்டி,metro,OSM_BUS_3264888779,Guindy Bus Stand,bus,249.4,0.75,True,False,Cross-mode candidate in TIER_1_CORE: metro <-> bus at 249.4m.
HUB_______,கிண்டி,TIER_1_CORE,OSM_RAIL_6285857248,கிண்டி,metro,GTFS_STOP_1461,Guindy Bus Terminus,bus,195.5,0.75,True,False,Cross-mode candidate in TIER_1_CORE: metro <-> bus at 195.5m.
HUB_______,கிண்டி,TIER_1_CORE,OSM_RAIL_5321248425,கிண்டி,metro,OSM_BUS_3264888779,Guindy Bus Stand,bus,250.1,0.5,True,False,Cross-mode candidate in TIER_1_CORE: metro <-> bus at 250.1m.
HUB_________,சின்னமலை,TIER_1_CORE,OSM_RAIL_5321248424,சின்னமலை,metro,GTFS_STOP_5346,Saidapet Depot,bus,111.9,0.75,True,False,Cross-mode candidate in TIER_1_CORE: metro <-> bus at 111.9m.
HUB_________,சின்னமலை,TIER_1_CORE,OSM_RAIL_6285857245,சின்னமலை,metro,GTFS_STOP_5346,Saidapet Depot,bus,118.6,0.75,True,False,Cross-mode candidate in TIER_1_CORE: metro <-> bus at 118.6m.
HUB_________,சின்னமலை,TIER_1_CORE,OSM_RAIL_6285857246,சின்னமலை,metro,GTFS_STOP_5346,Saidapet Depot,bus,112.4,0.75,True,False,Cross-mode candidate in TIER_1_CORE: metro <-> bus at 112.4m.
HUB_____________,சுங்கச்சாவடி,TIER_1_CORE,OSM_RAIL_8430636716,சுங்கச்சாவடி,metro,GTFS_STOP_10931,Toll Gate Terminus,bus,68.4,0.75,True,False,Cross-mode candidate in TIER_1_CORE: metro <-> bus at 68.4m.
HUB_____________,சுங்கச்சாவடி,TIER_1_CORE,OSM_RAIL_8477103081,சுங்கச்சாவடி,metro,GTFS_STOP_10931,Toll Gate Terminus,bus,67.8,0.75,True,False,Cross-mode candidate in TIER_1_CORE: metro <-> bus at 67.8m.
HUB_____________,சுங்கச்சாவடி,TIER_1_CORE,OSM_RAIL_8477103095,சுங்கச்சாவடி,metro,GTFS_STOP_10931,Toll Gate Terminus,bus,69.1,0.75,True,False,Cross-mode candidate in TIER_1_CORE: metro <-> bus at 69.1m.
HUB________________________________,சென்னை புறநகர் பேருந்து நிலையம்,TIER_1_CORE,OSM_RAIL_687175415,சென்னை புறநகர் பேருந்து நிலையம்,metro,OSM_BUS_306104406,Puratchi Thalaivar Dr. M.G.R Bus Terminus,bus,129.1,0.75,True,False,Cross-mode candidate in TIER_1_CORE: metro <-> bus at 129.1m.
HUB________________________________,சென்னை புறநகர் பேருந்து நிலையம்,TIER_1_CORE,OSM_RAIL_687175415,சென்னை புறநகர் பேருந்து நிலையம்,metro,OSM_BUS_11598619872,Bus to Mamallapuram,bus,108.5,0.75,True,False,Cross-mode candidate in TIER_1_CORE: metro <-> bus at 108.5m.
HUB________________________________,சென்னை புறநகர் பேருந்து நிலையம்,TIER_1_CORE,OSM_RAIL_687175415,சென்னை புறநகர் பேருந்து நிலையம்,metro,GTFS_STOP_5822,M.G.R.Koyambedu Bus Terminus,bus,140.9,0.75,True,False,Cross-mode candidate in TIER_1_CORE: metro <-> bus at 140.9m.
HUB________________________________,சென்னை புறநகர் பேருந்து நிலையம்,TIER_1_CORE,OSM_RAIL_9592492226,சென்னை புறநகர் பேருந்து நிலையம்,metro,OSM_BUS_306104406,Puratchi Thalaivar Dr. M.G.R Bus Terminus,bus,128.8,0.75,True,False,Cross-mode candidate in TIER_1_CORE: metro <-> bus at 128.8m.
HUB________________________________,சென்னை புறநகர் பேருந்து நிலையம்,TIER_1_CORE,OSM_RAIL_9592492226,சென்னை புறநகர் பேருந்து நிலையம்,metro,OSM_BUS_11598619872,Bus to Mamallapuram,bus,107.9,0.75,True,False,Cross-mode candidate in TIER_1_CORE: metro <-> bus at 107.9m.
HUB________________________________,சென்னை புறநகர் பேருந்து நிலையம்,TIER_1_CORE,OSM_RAIL_9592492226,சென்னை புறநகர் பேருந்து நிலையம்,metro,GTFS_STOP_5822,M.G.R.Koyambedu Bus Terminus,bus,139.0,0.75,True,False,Cross-mode candidate in TIER_1_CORE: metro <-> bus at 139.0m.
HUB________________________________,சென்னை புறநகர் பேருந்து நிலையம்,TIER_1_CORE,OSM_RAIL_687175415,சென்னை புறநகர் பேருந்து நிலையம்,metro,OSM_BUS_5318548733,SRM Travels,bus,305.3,0.5,True,False,Cross-mode candidate in TIER_1_CORE: metro <-> bus at 305.3m.
HUB________________________________,சென்னை புறநகர் பேருந்து நிலையம்,TIER_1_CORE,OSM_RAIL_687175415,சென்னை புறநகர் பேருந்து நிலையம்,metro,OSM_BUS_10980207098,Koyambedu Mofussil Bus Terminal,bus,347.8,0.5,True,False,Cross-mode candidate in TIER_1_CORE: metro <-> bus at 347.8m.
HUB________________________________,சென்னை புறநகர் பேருந்து நிலையம்,TIER_1_CORE,OSM_RAIL_687175415,சென்னை புறநகர் பேருந்து நிலையம்,metro,OSM_BUS_10980207099,Koyambedu Mofussil Bus Terminal,bus,336.6,0.5,True,False,Cross-mode candidate in TIER_1_CORE: metro <-> bus at 336.6m.
HUB________________________________,சென்னை புறநகர் பேருந்து நிலையம்,TIER_1_CORE,OSM_RAIL_687175415,சென்னை புறநகர் பேருந்து நிலையம்,metro,OSM_BUS_10980207100,Koyambedu Mofussil Bus Terminal,bus,259.9,0.5,True,False,Cross-mode candidate in TIER_1_CORE: metro <-> bus at 259.9m.
HUB________________________________,சென்னை புறநகர் பேருந்து நிலையம்,TIER_1_CORE,OSM_RAIL_9592492226,சென்னை புறநகர் பேருந்து நிலையம்,metro,OSM_BUS_5318548733,SRM Travels,bus,300.4,0.5,True,False,Cross-mode candidate in TIER_1_CORE: metro <-> bus at 300.4m.
HUB________________________________,சென்னை புறநகர் பேருந்து நிலையம்,TIER_1_CORE,OSM_RAIL_9592492226,சென்னை புறநகர் பேருந்து நிலையம்,metro,OSM_BUS_10980207098,Koyambedu Mofussil Bus Terminal,bus,352.1,0.5,True,False,Cross-mode candidate in TIER_1_CORE: metro <-> bus at 352.1m.
HUB________________________________,சென்னை புறநகர் பேருந்து நிலையம்,TIER_1_CORE,OSM_RAIL_9592492226,சென்னை புறநகர் பேருந்து நிலையம்,metro,OSM_BUS_10980207099,Koyambedu Mofussil Bus Terminal,bus,339.7,0.5,True,False,Cross-mode candidate in TIER_1_CORE: metro <-> bus at 339.7m.
HUB________________________________,சென்னை புறநகர் பேருந்து நிலையம்,TIER_1_CORE,OSM_RAIL_9592492226,சென்னை புறநகர் பேருந்து நிலையம்,metro,OSM_BUS_10980207100,Koyambedu Mofussil Bus Terminal,bus,264.5,0.5,True,False,Cross-mode candidate in TIER_1_CORE: metro <-> bus at 264.5m.
HUB_______________,திருவொற்றியூர்,TIER_1_CORE,OSM_RAIL_8477103055,திருவொற்றியூர்,metro,OSM_BUS_1391573897,Thirovttriyur MTC Terminus,bus,45.8,0.75,True,False,Cross-mode candidate in TIER_1_CORE: metro <-> bus at 45.8m.
HUB_______________,திருவொற்றியூர்,TIER_1_CORE,OSM_RAIL_8477103055,திருவொற்றியூர்,metro,GTFS_STOP_5350,Thiruvottriyur Depot,bus,93.9,0.75,True,False,Cross-mode candidate in TIER_1_CORE: metro <-> bus at 93.9m.
HUB_______________,திருவொற்றியூர்,TIER_1_CORE,OSM_RAIL_8477103055,திருவொற்றியூர்,metro,GTFS_STOP_10539,Thiruvottiyur Ajax Bus Depot,bus,45.8,0.75,True,False,Cross-mode candidate in TIER_1_CORE: metro <-> bus at 45.8m.
HUB_______________,திருவொற்றியூர்,TIER_1_CORE,OSM_RAIL_8477103055,திருவொற்றியூர்,metro,GTFS_STOP_10540,Thiruvottiyur Ajax Bus Depot,bus,46.9,0.75,True,False,Cross-mode candidate in TIER_1_CORE: metro <-> bus at 46.9m.
HUB_______________,திருவொற்றியூர்,TIER_1_CORE,OSM_RAIL_8477103097,திருவொற்றியூர்,metro,OSM_BUS_1391573897,Thirovttriyur MTC Terminus,bus,43.8,0.75,True,False,Cross-mode candidate in TIER_1_CORE: metro <-> bus at 43.8m.
HUB_______________,திருவொற்றியூர்,TIER_1_CORE,OSM_RAIL_8477103097,திருவொற்றியூர்,metro,GTFS_STOP_5350,Thiruvottriyur Depot,bus,91.3,0.75,True,False,Cross-mode candidate in TIER_1_CORE: metro <-> bus at 91.3m.
HUB_______________,திருவொற்றியூர்,TIER_1_CORE,OSM_RAIL_8477103097,திருவொற்றியூர்,metro,GTFS_STOP_10539,Thiruvottiyur Ajax Bus Depot,bus,43.4,0.75,True,False,Cross-mode candidate in TIER_1_CORE: metro <-> bus at 43.4m.
HUB_______________,திருவொற்றியூர்,TIER_1_CORE,OSM_RAIL_8477103097,திருவொற்றியூர்,metro,GTFS_STOP_10540,Thiruvottiyur Ajax Bus Depot,bus,48.1,0.75,True,False,Cross-mode candidate in TIER_1_CORE: metro <-> bus at 48.1m.
HUB_______________,திருவொற்றியூர்,TIER_1_CORE,OSM_RAIL_8477103055,திருவொற்றியூர்,metro,GTFS_STOP_7576,Thiruvottriyur Bus Terminus,bus,391.5,0.5,True,False,Cross-mode candidate in TIER_1_CORE: metro <-> bus at 391.5m.
HUB_______________,திருவொற்றியூர்,TIER_1_CORE,OSM_RAIL_8477103097,திருவொற்றியூர்,metro,GTFS_STOP_7576,Thiruvottriyur Bus Terminus,bus,392.0,0.5,True,False,Cross-mode candidate in TIER_1_CORE: metro <-> bus at 392.0m.
HUB____________________,புது வண்ணாரப்பேட்டை,TIER_1_CORE,OSM_RAIL_8430636817,புது வண்ணாரப்பேட்டை,metro,GTFS_STOP_5351,Tondairpet-1 Depot,bus,357.5,0.5,True,False,Cross-mode candidate in TIER_1_CORE: metro <-> bus at 357.5m.
HUB____________________,புது வண்ணாரப்பேட்டை,TIER_1_CORE,OSM_RAIL_8430636817,புது வண்ணாரப்பேட்டை,metro,GTFS_STOP_5352,Tondairpet-2 Depot,bus,311.4,0.5,True,False,Cross-mode candidate in TIER_1_CORE: metro <-> bus at 311.4m.
HUB____________________,புது வண்ணாரப்பேட்டை,TIER_1_CORE,OSM_RAIL_8430636817,புது வண்ணாரப்பேட்டை,metro,GTFS_STOP_10465,Tondiarpet Bus Depot,bus,303.4,0.5,True,False,Cross-mode candidate in TIER_1_CORE: metro <-> bus at 303.4m.
HUB____________________,புது வண்ணாரப்பேட்டை,TIER_1_CORE,OSM_RAIL_8430636817,புது வண்ணாரப்பேட்டை,metro,GTFS_STOP_10461,Tondiarpet Bus Depot,bus,312.6,0.5,True,False,Cross-mode candidate in TIER_1_CORE: metro <-> bus at 312.6m.
HUB____________________,புது வண்ணாரப்பேட்டை,TIER_1_CORE,OSM_RAIL_8477103083,புது வண்ணாரப்பேட்டை,metro,GTFS_STOP_5351,Tondairpet-1 Depot,bus,356.6,0.5,True,False,Cross-mode candidate in TIER_1_CORE: metro <-> bus at 356.6m.
HUB____________________,புது வண்ணாரப்பேட்டை,TIER_1_CORE,OSM_RAIL_8477103083,புது வண்ணாரப்பேட்டை,metro,GTFS_STOP_5352,Tondairpet-2 Depot,bus,313.6,0.5,True,False,Cross-mode candidate in TIER_1_CORE: metro <-> bus at 313.6m.
HUB____________________,புது வண்ணாரப்பேட்டை,TIER_1_CORE,OSM_RAIL_8477103083,புது வண்ணாரப்பேட்டை,metro,GTFS_STOP_10465,Tondiarpet Bus Depot,bus,303.3,0.5,True,False,Cross-mode candidate in TIER_1_CORE: metro <-> bus at 303.3m.
HUB____________________,புது வண்ணாரப்பேட்டை,TIER_1_CORE,OSM_RAIL_8477103083,புது வண்ணாரப்பேட்டை,metro,GTFS_STOP_10461,Tondiarpet Bus Depot,bus,312.7,0.5,True,False,Cross-mode candidate in TIER_1_CORE: metro <-> bus at 312.7m.
HUB____________________,புது வண்ணாரப்பேட்டை,TIER_1_CORE,OSM_RAIL_8477103094,புது வண்ணாரப்பேட்டை,metro,GTFS_STOP_5351,Tondairpet-1 Depot,bus,358.1,0.5,True,False,Cross-mode candidate in TIER_1_CORE: metro <-> bus at 358.1m.
HUB____________________,புது வண்ணாரப்பேட்டை,TIER_1_CORE,OSM_RAIL_8477103094,புது வண்ணாரப்பேட்டை,metro,GTFS_STOP_5352,Tondairpet-2 Depot,bus,308.8,0.5,True,False,Cross-mode candidate in TIER_1_CORE: metro <-> bus at 308.8m.
HUB____________________,புது வண்ணாரப்பேட்டை,TIER_1_CORE,OSM_RAIL_8477103094,புது வண்ணாரப்பேட்டை,metro,GTFS_STOP_10465,Tondiarpet Bus Depot,bus,303.1,0.5,True,False,Cross-mode candidate in TIER_1_CORE: metro <-> bus at 303.1m.
HUB____________________,புது வண்ணாரப்பேட்டை,TIER_1_CORE,OSM_RAIL_8477103094,புது வண்ணாரப்பேட்டை,metro,GTFS_STOP_10461,Tondiarpet Bus Depot,bus,312.0,0.5,True,False,Cross-mode candidate in TIER_1_CORE: metro <-> bus at 312.0m.
HUB_______________,வண்ணாரப்பேட்டை,TIER_1_CORE,OSM_RAIL_6397600715,வண்ணாரப்பேட்டை,metro,OSM_RAIL_6460934200,Washermanpet,suburban_rail,154.5,0.75,True,False,Cross-mode candidate in TIER_1_CORE: metro <-> suburban_rail at 154.5m.
HUB_______________,வண்ணாரப்பேட்டை,TIER_1_CORE,OSM_RAIL_6397600716,வண்ணாரப்பேட்டை,metro,OSM_RAIL_6460934200,Washermanpet,suburban_rail,159.8,0.75,True,False,Cross-mode candidate in TIER_1_CORE: metro <-> suburban_rail at 159.8m.
HUB___________________,விம்கோ நகர் டிப்போ,TIER_1_CORE,OSM_RAIL_9853600043,விம்கோ நகர் டிப்போ,metro,OSM_BUS_9857416360,Wimco Nagar Depot,bus,5.4,0.75,True,False,Cross-mode candidate in TIER_1_CORE: metro <-> bus at 5.4m.
HUB___________________,விம்கோ நகர் டிப்போ,TIER_1_CORE,OSM_RAIL_9853600043,விம்கோ நகர் டிப்போ,metro,GTFS_STOP_CMRL_01,Wimco Nagar Depot,bus,5.4,0.75,True,False,Cross-mode candidate in TIER_1_CORE: metro <-> bus at 5.4m.
HUB_AVADI,Avadi,TIER_2_SECONDARY,OSM_RAIL_3678939665,Avadi,suburban_rail,GTFS_STOP_10428,Avadi Bus Terminus,bus,154.9,0.9,True,False,Cross-mode candidate in TIER_2_SECONDARY: suburban_rail <-> bus at 154.9m.
HUB_AVADI,Avadi,TIER_2_SECONDARY,OSM_RAIL_3678939665,Avadi,suburban_rail,GTFS_STOP_16,Avadi Depot,bus,270.4,0.9,True,False,Cross-mode candidate in TIER_2_SECONDARY: suburban_rail <-> bus at 270.4m.
HUB_AVADI,Avadi,TIER_2_SECONDARY,OSM_RAIL_3678939665,Avadi,suburban_rail,GTFS_STOP_10430,Avadi Bus Terminus,bus,240.5,0.9,True,False,Cross-mode candidate in TIER_2_SECONDARY: suburban_rail <-> bus at 240.5m.
HUB_KILAMBAKKAM,Kilambakkam,TIER_2_SECONDARY,OSM_RAIL_11822901092,Kilambakkam,suburban_rail,GTFS_STOP_10876,Kilambakkam Depot,bus,353.4,0.9,True,False,Cross-mode candidate in TIER_2_SECONDARY: suburban_rail <-> bus at 353.4m.
HUB_KILAMBAKKAM,Kilambakkam,TIER_2_SECONDARY,OSM_RAIL_11822901092,Kilambakkam,suburban_rail,GTFS_STOP_9991,Kilambakkam Bus Terminus,bus,242.4,0.9,True,False,Cross-mode candidate in TIER_2_SECONDARY: suburban_rail <-> bus at 242.4m.
HUB_KILAMBAKKAM,Kilambakkam,TIER_2_SECONDARY,OSM_RAIL_11822901092,Kilambakkam,suburban_rail,GTFS_STOP_9992,Kilambakkam Bus Terminus,bus,164.7,0.9,True,False,Cross-mode candidate in TIER_2_SECONDARY: suburban_rail <-> bus at 164.7m.
HUB_MADHAVARAM,Madhavaram,TIER_2_SECONDARY,OSM_RAIL_14023022804,Madhavaram Depot,metro,OSM_BUS_14023022804,Madhavaram Depot,bus,0.0,0.9,True,False,Cross-mode candidate in TIER_2_SECONDARY: metro <-> bus at 0.0m.
HUB_MADHAVARAM,Madhavaram,TIER_2_SECONDARY,OSM_RAIL_14178350594,Madhavaram Bus Terminal Metro,metro,OSM_BUS_10848041900,Madhavaram Mofussil Bus Terminus,bus,115.1,0.9,True,False,Cross-mode candidate in TIER_2_SECONDARY: metro <-> bus at 115.1m.
HUB_MADHAVARAM,Madhavaram,TIER_2_SECONDARY,OSM_RAIL_14178350594,Madhavaram Bus Terminal Metro,metro,OSM_BUS_10951379007,"Madhavarm APSRTC , TNSTC Bus Terminus",bus,63.8,0.75,True,False,Cross-mode candidate in TIER_2_SECONDARY: metro <-> bus at 63.8m.
HUB_MADHAVARAM,Madhavaram,TIER_2_SECONDARY,OSM_RAIL_14178350594,Madhavaram Bus Terminal Metro,metro,GTFS_STOP_10925,M.M.B.T Madhavarm Bus Terminus,bus,75.0,0.75,True,False,Cross-mode candidate in TIER_2_SECONDARY: metro <-> bus at 75.0m.
HUB_PERAMBUR,Perambur,TIER_2_SECONDARY,OSM_RAIL_5276205560,Perambur,suburban_rail,OSM_BUS_311284385,Perambur MTC Terminus,bus,426.2,0.9,True,False,Cross-mode candidate in TIER_2_SECONDARY: suburban_rail <-> bus at 426.2m.
HUB_PERAMBUR,Perambur,TIER_2_SECONDARY,OSM_RAIL_5276205560,Perambur,suburban_rail,GTFS_STOP_6839,Perambur Bus Terminus,bus,425.7,0.9,True,False,Cross-mode candidate in TIER_2_SECONDARY: suburban_rail <-> bus at 425.7m.
HUB_PERAMBUR,Perambur,TIER_2_SECONDARY,OSM_RAIL_5276205560,Perambur,suburban_rail,GTFS_STOP_6835,Perambur Bus Terminus,bus,422.0,0.9,True,False,Cross-mode candidate in TIER_2_SECONDARY: suburban_rail <-> bus at 422.0m.
HUB_POONAMALLEE,Poonamallee,TIER_2_SECONDARY,OSM_RAIL_13972488427,Poonamallee Bus Stand Metro,metro,GTFS_STOP_5821,Poonamallee Bus Terminus,bus,100.9,0.9,True,False,Cross-mode candidate in TIER_2_SECONDARY: metro <-> bus at 100.9m.
HUB_POONAMALLEE,Poonamallee,TIER_2_SECONDARY,OSM_RAIL_13972488427,Poonamallee Bus Stand Metro,metro,OSM_BUS_248454339,Poonamallee MTC Terminus,bus,26.7,0.75,True,False,Cross-mode candidate in TIER_2_SECONDARY: metro <-> bus at 26.7m.
HUB_ANNA_NAGAR_EAST,Anna Nagar East,TIER_3_LOCAL,CMRL_API_6920,Anna Nagar East,metro,GTFS_STOP_10901,Anna Nagar East Depot,bus,417.0,0.9,True,False,Cross-mode candidate in TIER_3_LOCAL: metro <-> bus at 417.0m.
HUB_ANNA_NAGAR_EAST,Anna Nagar East,TIER_3_LOCAL,OSM_RAIL_1207424028,Anna Nagar East,metro,GTFS_STOP_10901,Anna Nagar East Depot,bus,489.0,0.9,True,False,Cross-mode candidate in TIER_3_LOCAL: metro <-> bus at 489.0m.
HUB_ANNA_NAGAR_EAST,Anna Nagar East,TIER_3_LOCAL,OSM_RAIL_9592492231,Anna Nagar East,metro,GTFS_STOP_10901,Anna Nagar East Depot,bus,440.1,0.9,True,False,Cross-mode candidate in TIER_3_LOCAL: metro <-> bus at 440.1m.
HUB_ANNA_NAGAR_EAST,Anna Nagar East,TIER_3_LOCAL,GTFS_STOP_10901,Anna Nagar East Depot,bus,GTFS_STOP_9741,Anna Nagar East Metro Station,metro,436.0,0.9,True,False,Cross-mode candidate in TIER_3_LOCAL: bus <-> metro at 436.0m.
HUB_ANNA_NAGAR_WEST,Anna Nagar West,TIER_3_LOCAL,OSM_RAIL_304278622,Anna Nagar West,suburban_rail,GTFS_STOP_13,Annanagar Depot,bus,462.8,0.9,True,False,Cross-mode candidate in TIER_3_LOCAL: suburban_rail <-> bus at 462.8m.
HUB_ARUMBAKKAM,Arumbakkam,TIER_3_LOCAL,CMRL_API_6910,Arumbakkam,metro,GTFS_STOP_10924,M.M.D.A.Colony Terminus,bus,418.0,0.5,True,False,Cross-mode candidate in TIER_3_LOCAL: metro <-> bus at 418.0m.
HUB_ARUMBAKKAM,Arumbakkam,TIER_3_LOCAL,OSM_RAIL_5319972799,Arumbakkam,metro,GTFS_STOP_10924,M.M.D.A.Colony Terminus,bus,388.7,0.5,True,False,Cross-mode candidate in TIER_3_LOCAL: metro <-> bus at 388.7m.
HUB_CHENNAI_CHETPET,Chennai Chetpet,TIER_3_LOCAL,OSM_RAIL_248467412,Chennai Chetpet,suburban_rail,OSM_RAIL_1207424080,Kilpauk,metro,368.2,0.5,True,False,Cross-mode candidate in TIER_3_LOCAL: suburban_rail <-> metro at 368.2m.
HUB_CHENNAI_CHETPET,Chennai Chetpet,TIER_3_LOCAL,OSM_RAIL_248467412,Chennai Chetpet,suburban_rail,OSM_RAIL_5329907486,Kilpauk,metro,365.9,0.5,True,False,Cross-mode candidate in TIER_3_LOCAL: suburban_rail <-> metro at 365.9m.
HUB_CHENNAI_CHETPET,Chennai Chetpet,TIER_3_LOCAL,OSM_RAIL_248467412,Chennai Chetpet,suburban_rail,OSM_RAIL_5329907487,Kilpauk,metro,367.0,0.5,True,False,Cross-mode candidate in TIER_3_LOCAL: suburban_rail <-> metro at 367.0m.
HUB_CHENNAI_PARK,Chennai Park,TIER_3_LOCAL,OSM_RAIL_2481258999,Chennai Park,suburban_rail,OSM_RAIL_5329907502,Central Metro,metro,143.6,0.75,True,False,Cross-mode candidate in TIER_3_LOCAL: suburban_rail <-> metro at 143.6m.
HUB_CHENNAI_PARK,Chennai Park,TIER_3_LOCAL,OSM_RAIL_2481258999,Chennai Park,suburban_rail,OSM_RAIL_6285857250,Central Metro,metro,137.7,0.75,True,False,Cross-mode candidate in TIER_3_LOCAL: suburban_rail <-> metro at 137.7m.
HUB_CHENNAI_PARK,Chennai Park,TIER_3_LOCAL,OSM_RAIL_2481258999,Chennai Park,suburban_rail,OSM_RAIL_6285857251,Central Metro,metro,139.5,0.75,True,False,Cross-mode candidate in TIER_3_LOCAL: suburban_rail <-> metro at 139.5m.
HUB_CHENNAI_PARK,Chennai Park,TIER_3_LOCAL,OSM_RAIL_2481258999,Chennai Park,suburban_rail,OSM_RAIL_6285857252,Central Metro,metro,141.8,0.75,True,False,Cross-mode candidate in TIER_3_LOCAL: suburban_rail <-> metro at 141.8m.
HUB_CHENNAI_PARK,Chennai Park,TIER_3_LOCAL,OSM_RAIL_2481258999,Chennai Park,suburban_rail,OSM_RAIL_6285857253,Central Metro,metro,140.4,0.75,True,False,Cross-mode candidate in TIER_3_LOCAL: suburban_rail <-> metro at 140.4m.
HUB_CHENNAI_PARK,Chennai Park,TIER_3_LOCAL,OSM_RAIL_2481258999,Chennai Park,suburban_rail,GTFS_STOP_11168,M.G.R.CENTRAL METRO R.S,metro,273.8,0.5,True,False,Cross-mode candidate in TIER_3_LOCAL: suburban_rail <-> metro at 273.8m.
HUB_CHENNAI_PARK_TOWN,Chennai Park Town,TIER_3_LOCAL,OSM_RAIL_2481258995,Chennai Park Town,suburban_rail,OSM_RAIL_5329907502,Central Metro,metro,354.2,0.5,True,False,Cross-mode candidate in TIER_3_LOCAL: suburban_rail <-> metro at 354.2m.
HUB_CHENNAI_PARK_TOWN,Chennai Park Town,TIER_3_LOCAL,OSM_RAIL_2481258995,Chennai Park Town,suburban_rail,OSM_RAIL_6285857250,Central Metro,metro,347.3,0.5,True,False,Cross-mode candidate in TIER_3_LOCAL: suburban_rail <-> metro at 347.3m.
HUB_CHENNAI_PARK_TOWN,Chennai Park Town,TIER_3_LOCAL,OSM_RAIL_2481258995,Chennai Park Town,suburban_rail,OSM_RAIL_6285857251,Central Metro,metro,349.4,0.5,True,False,Cross-mode candidate in TIER_3_LOCAL: suburban_rail <-> metro at 349.4m.
HUB_CHENNAI_PARK_TOWN,Chennai Park Town,TIER_3_LOCAL,OSM_RAIL_2481258995,Chennai Park Town,suburban_rail,OSM_RAIL_6285857252,Central Metro,metro,352.2,0.5,True,False,Cross-mode candidate in TIER_3_LOCAL: suburban_rail <-> metro at 352.2m.
HUB_CHENNAI_PARK_TOWN,Chennai Park Town,TIER_3_LOCAL,OSM_RAIL_2481258995,Chennai Park Town,suburban_rail,OSM_RAIL_6285857253,Central Metro,metro,350.6,0.5,True,False,Cross-mode candidate in TIER_3_LOCAL: suburban_rail <-> metro at 350.6m.
HUB_CHENNAI_PARK_TOWN,Chennai Park Town,TIER_3_LOCAL,OSM_RAIL_2481258995,Chennai Park Town,suburban_rail,GTFS_STOP_158,Central Depot,bus,390.9,0.5,True,False,Cross-mode candidate in TIER_3_LOCAL: suburban_rail <-> bus at 390.9m.
HUB_CHINTADARIPET,Chintadaripet,TIER_3_LOCAL,OSM_RAIL_5311755231,Chintadaripet,suburban_rail,GTFS_STOP_158,Central Depot,bus,346.8,0.5,True,False,Cross-mode candidate in TIER_3_LOCAL: suburban_rail <-> bus at 346.8m.
HUB_ENNORE,Ennore,TIER_3_LOCAL,OSM_RAIL_5274094702,Ennore,suburban_rail,OSM_BUS_373077167,Ennore MTC Terminus,bus,316.4,0.9,True,False,Cross-mode candidate in TIER_3_LOCAL: suburban_rail <-> bus at 316.4m.
HUB_ENNORE,Ennore,TIER_3_LOCAL,OSM_RAIL_5274094702,Ennore,suburban_rail,GTFS_STOP_5338,Ennore Depot,bus,211.8,0.9,True,False,Cross-mode candidate in TIER_3_LOCAL: suburban_rail <-> bus at 211.8m.
HUB_ENNORE,Ennore,TIER_3_LOCAL,OSM_RAIL_5274094702,Ennore,suburban_rail,GTFS_STOP_10585,Ennore Bus Terminus,bus,308.9,0.9,True,False,Cross-mode candidate in TIER_3_LOCAL: suburban_rail <-> bus at 308.9m.
HUB_GUDUVANCHERI,Guduvancheri,TIER_3_LOCAL,OSM_RAIL_5274260962,Guduvancheri,suburban_rail,OSM_BUS_1145642404,Guduvancheri MTC Terminus,bus,452.9,0.9,True,False,Cross-mode candidate in TIER_3_LOCAL: suburban_rail <-> bus at 452.9m.
HUB_GUDUVANCHERI,Guduvancheri,TIER_3_LOCAL,OSM_RAIL_5274260962,Guduvancheri,suburban_rail,GTFS_STOP_6296,Guduvancheri Bus Terminus,bus,438.5,0.9,True,False,Cross-mode candidate in TIER_3_LOCAL: suburban_rail <-> bus at 438.5m.
HUB_IYAPPANTHANGAL,Iyappanthangal,TIER_3_LOCAL,OSM_RAIL_13972514096,Iyappanthangal Metro,metro,OSM_BUS_370969659,Ayyapanthangal,bus,43.6,0.9,True,False,Cross-mode candidate in TIER_3_LOCAL: metro <-> bus at 43.6m.
HUB_IYAPPANTHANGAL,Iyappanthangal,TIER_3_LOCAL,OSM_RAIL_13972514096,Iyappanthangal Metro,metro,GTFS_STOP_5925,Iyyappanthangal Bus Terminus,bus,76.4,0.9,True,False,Cross-mode candidate in TIER_3_LOCAL: metro <-> bus at 76.4m.
HUB_IYAPPANTHANGAL,Iyappanthangal,TIER_3_LOCAL,OSM_RAIL_13972514096,Iyappanthangal Metro,metro,GTFS_STOP_5334,Iyyapanthangal Depot,bus,134.8,0.75,True,False,Cross-mode candidate in TIER_3_LOCAL: metro <-> bus at 134.8m.
HUB_IYAPPANTHANGAL,Iyappanthangal,TIER_3_LOCAL,OSM_RAIL_13972514096,Iyappanthangal Metro,metro,GTFS_STOP_5926,Iyyappanthangal Bus Depot,bus,14.6,0.75,True,False,Cross-mode candidate in TIER_3_LOCAL: metro <-> bus at 14.6m.
HUB_IYAPPANTHANGAL,Iyappanthangal,TIER_3_LOCAL,OSM_RAIL_13972514096,Iyappanthangal Metro,metro,GTFS_STOP_10224,Iyyappanthangal Bus Depot,bus,45.8,0.75,True,False,Cross-mode candidate in TIER_3_LOCAL: metro <-> bus at 45.8m.
HUB_KODAMBAKKAM,Kodambakkam,TIER_3_LOCAL,OSM_RAIL_2481259002,Kodambakkam,suburban_rail,OSM_RAIL_14018223516,Kodambakkam Metro,metro,69.4,0.9,True,False,Cross-mode candidate in TIER_3_LOCAL: suburban_rail <-> metro at 69.4m.
HUB_KORATTUR,Korattur,TIER_3_LOCAL,OSM_RAIL_5274761659,Korattur,suburban_rail,GTFS_STOP_6879,Korattur Bus Terminus,bus,240.4,0.9,True,False,Cross-mode candidate in TIER_3_LOCAL: suburban_rail <-> bus at 240.4m.
HUB_KORATTUR,Korattur,TIER_3_LOCAL,OSM_RAIL_5274761659,Korattur,suburban_rail,GTFS_STOP_6882,Korattur Bus Terminus,bus,170.3,0.9,True,False,Cross-mode candidate in TIER_3_LOCAL: suburban_rail <-> bus at 170.3m.
HUB_KUNDRATHUR,Kundrathur,TIER_3_LOCAL,GTFS_STOP_5339,Kundrathur Depot,bus,GTFS_STOP_8763,Metro Grand City2ndt Avenue,metro,401.2,0.5,True,False,Cross-mode candidate in TIER_3_LOCAL: bus <-> metro at 401.2m.
HUB_LIGHT_HOUSE,Light House,TIER_3_LOCAL,OSM_RAIL_5311755232,Light House,suburban_rail,OSM_RAIL_14018223537,Lighthouse Metro,metro,381.0,0.5,True,False,Cross-mode candidate in TIER_3_LOCAL: suburban_rail <-> metro at 381.0m.
HUB_LITTLE_MOUNT,Little Mount,TIER_3_LOCAL,GTFS_STOP_9050,Little Mount Metro,metro,GTFS_STOP_5346,Saidapet Depot,bus,225.0,0.75,True,False,Cross-mode candidate in TIER_3_LOCAL: metro <-> bus at 225.0m.
HUB_LITTLE_MOUNT,Little Mount,TIER_3_LOCAL,CMRL_API_6696,Little Mount,metro,GTFS_STOP_5346,Saidapet Depot,bus,415.2,0.5,True,False,Cross-mode candidate in TIER_3_LOCAL: metro <-> bus at 415.2m.
HUB_MAMBALAM,Mambalam,TIER_3_LOCAL,OSM_RAIL_2481259006,Mambalam,suburban_rail,GTFS_STOP_5823,Thiyagarayanagar Terminus,bus,448.6,0.5,True,False,Cross-mode candidate in TIER_3_LOCAL: suburban_rail <-> bus at 448.6m.
HUB_MANDAVELI,Mandaveli,TIER_3_LOCAL,OSM_RAIL_5311755235,Mandaveli,suburban_rail,GTFS_STOP_6,Mandaveli Bus Terminus,bus,127.3,0.9,True,False,Cross-mode candidate in TIER_3_LOCAL: suburban_rail <-> bus at 127.3m.
HUB_MEENAMBAKKAM,Meenambakkam,TIER_3_LOCAL,CMRL_API_6677,Meenambakkam,metro,OSM_RAIL_4885094689,Meenambakkam,suburban_rail,352.6,0.9,True,False,Cross-mode candidate in TIER_3_LOCAL: metro <-> suburban_rail at 352.6m.
HUB_MEENAMBAKKAM,Meenambakkam,TIER_3_LOCAL,OSM_RAIL_4885094689,Meenambakkam,suburban_rail,OSM_RAIL_6285857239,Meenambakkam,metro,363.3,0.9,True,False,Cross-mode candidate in TIER_3_LOCAL: suburban_rail <-> metro at 363.3m.
HUB_MEENAMBAKKAM,Meenambakkam,TIER_3_LOCAL,OSM_RAIL_4885094689,Meenambakkam,suburban_rail,GTFS_STOP_8808,Meeanambakkam Metro,metro,321.2,0.9,True,False,Cross-mode candidate in TIER_3_LOCAL: suburban_rail <-> metro at 321.2m.
HUB_MEENAMBAKKAM,Meenambakkam,TIER_3_LOCAL,OSM_RAIL_4885094689,Meenambakkam,suburban_rail,OSM_RAIL_5319207346,மீனம்பாக்கம்,metro,359.5,0.5,True,False,Cross-mode candidate in TIER_3_LOCAL: suburban_rail <-> metro at 359.5m.
HUB_MEENAMBAKKAM,Meenambakkam,TIER_3_LOCAL,OSM_RAIL_4885094689,Meenambakkam,suburban_rail,OSM_RAIL_6285857238,மீனம்பாக்கம்,metro,361.3,0.5,True,False,Cross-mode candidate in TIER_3_LOCAL: suburban_rail <-> metro at 361.3m.
HUB_NANGANALLUR_ROAD,Nanganallur Road,TIER_3_LOCAL,OSM_RAIL_5319207355,Nanganallur Road,metro,GTFS_STOP_11,Alandur Depot,bus,420.4,0.5,True,False,Cross-mode candidate in TIER_3_LOCAL: metro <-> bus at 420.4m.
HUB_NANGANALLUR_ROAD,Nanganallur Road,TIER_3_LOCAL,OSM_RAIL_5319207355,Nanganallur Road,metro,GTFS_STOP_8928,Alandur Depot,bus,399.4,0.5,True,False,Cross-mode candidate in TIER_3_LOCAL: metro <-> bus at 399.4m.
HUB_NANGANALLUR_ROAD,Nanganallur Road,TIER_3_LOCAL,OSM_RAIL_6285857236,Nanganallur Road,metro,GTFS_STOP_11,Alandur Depot,bus,420.5,0.5,True,False,Cross-mode candidate in TIER_3_LOCAL: metro <-> bus at 420.5m.
HUB_NANGANALLUR_ROAD,Nanganallur Road,TIER_3_LOCAL,OSM_RAIL_6285857236,Nanganallur Road,metro,GTFS_STOP_8928,Alandur Depot,bus,399.9,0.5,True,False,Cross-mode candidate in TIER_3_LOCAL: metro <-> bus at 399.9m.
HUB_NANGANALLUR_ROAD,Nanganallur Road,TIER_3_LOCAL,OSM_RAIL_6285857237,Nanganallur Road,metro,GTFS_STOP_11,Alandur Depot,bus,423.5,0.5,True,False,Cross-mode candidate in TIER_3_LOCAL: metro <-> bus at 423.5m.
HUB_NANGANALLUR_ROAD,Nanganallur Road,TIER_3_LOCAL,OSM_RAIL_6285857237,Nanganallur Road,metro,GTFS_STOP_8928,Alandur Depot,bus,402.7,0.5,True,False,Cross-mode candidate in TIER_3_LOCAL: metro <-> bus at 402.7m.
HUB_NEW_WASHERMENPET,New Washermenpet,TIER_3_LOCAL,CMRL_API_6727,New Washermenpet Metro,metro,GTFS_STOP_5352,Tondairpet-2 Depot,bus,77.9,0.75,True,False,Cross-mode candidate in TIER_3_LOCAL: metro <-> bus at 77.9m.
HUB_NEW_WASHERMENPET,New Washermenpet,TIER_3_LOCAL,CMRL_API_6727,New Washermenpet Metro,metro,GTFS_STOP_10465,Tondiarpet Bus Depot,bus,343.7,0.5,True,False,Cross-mode candidate in TIER_3_LOCAL: metro <-> bus at 343.7m.
HUB_NEW_WASHERMENPET,New Washermenpet,TIER_3_LOCAL,CMRL_API_6727,New Washermenpet Metro,metro,GTFS_STOP_10461,Tondiarpet Bus Depot,bus,321.6,0.5,True,False,Cross-mode candidate in TIER_3_LOCAL: metro <-> bus at 321.6m.
HUB_NEW_WASHERMENPET,New Washermenpet,TIER_3_LOCAL,CMRL_API_6727,New Washermenpet Metro,metro,GTFS_STOP_10487,Todiya Pet 2 Depot,bus,447.2,0.5,True,False,Cross-mode candidate in TIER_3_LOCAL: metro <-> bus at 447.2m.
HUB_OTA_NANGANALLUR_ROAD,OTA-Nanganallur Road,TIER_3_LOCAL,CMRL_API_6690,OTA-Nanganallur Road,metro,GTFS_STOP_11,Alandur Depot,bus,332.0,0.5,True,False,Cross-mode candidate in TIER_3_LOCAL: metro <-> bus at 332.0m.
HUB_OTA_NANGANALLUR_ROAD,OTA-Nanganallur Road,TIER_3_LOCAL,CMRL_API_6690,OTA-Nanganallur Road,metro,GTFS_STOP_8929,Alandur Depot,bus,335.9,0.5,True,False,Cross-mode candidate in TIER_3_LOCAL: metro <-> bus at 335.9m.
HUB_OTA_NANGANALLUR_ROAD,OTA-Nanganallur Road,TIER_3_LOCAL,CMRL_API_6690,OTA-Nanganallur Road,metro,GTFS_STOP_8928,Alandur Depot,bus,338.4,0.5,True,False,Cross-mode candidate in TIER_3_LOCAL: metro <-> bus at 338.4m.
HUB_PATTABIRAM_E,Pattabiram E,TIER_3_LOCAL,OSM_RAIL_5274212914,Pattabiram E Depot,suburban_rail,OSM_BUS_5274212914,Pattabiram E Depot,bus,0.0,0.9,True,False,Cross-mode candidate in TIER_3_LOCAL: suburban_rail <-> bus at 0.0m.
HUB_PUZHUDIVAKKAM,Puzhudivakkam,TIER_3_LOCAL,OSM_RAIL_5311755243,Puzhudivakkam,suburban_rail,OSM_BUS_360562773,Puzhuthivakkam Bus Stand,bus,444.7,0.5,True,False,Cross-mode candidate in TIER_3_LOCAL: suburban_rail <-> bus at 444.7m.
HUB_SAIDAPET,Saidapet,TIER_3_LOCAL,CMRL_API_6698,Saidapet Metro,metro,OSM_RAIL_2481259029,Saidapet,suburban_rail,36.6,0.9,True,False,Cross-mode candidate in TIER_3_LOCAL: metro <-> suburban_rail at 36.6m.
HUB_SAIDAPET,Saidapet,TIER_3_LOCAL,OSM_RAIL_2481259029,Saidapet,suburban_rail,GTFS_STOP_5784,Saidapet Metro,metro,488.1,0.9,True,False,Cross-mode candidate in TIER_3_LOCAL: suburban_rail <-> metro at 488.1m.
HUB_SAINT_THOMAS_MOUNT,Saint Thomas Mount,TIER_3_LOCAL,OSM_RAIL_4221752111,Saint Thomas Mount,suburban_rail,OSM_RAIL_5319202812,Saint Thomas Mount,metro,89.4,0.9,True,False,Cross-mode candidate in TIER_3_LOCAL: suburban_rail <-> metro at 89.4m.
HUB_SAINT_THOMAS_MOUNT,Saint Thomas Mount,TIER_3_LOCAL,OSM_RAIL_4221752111,Saint Thomas Mount,suburban_rail,OSM_RAIL_9592492217,பரங்கிமலை,metro,110.9,0.75,True,False,Cross-mode candidate in TIER_3_LOCAL: suburban_rail <-> metro at 110.9m.
HUB_SAINT_THOMAS_MOUNT,Saint Thomas Mount,TIER_3_LOCAL,OSM_RAIL_4221752111,Saint Thomas Mount,suburban_rail,OSM_RAIL_9592492218,பரங்கிமலை,metro,114.1,0.75,True,False,Cross-mode candidate in TIER_3_LOCAL: suburban_rail <-> metro at 114.1m.
HUB_SALIGRAMAM,Saligramam,TIER_3_LOCAL,OSM_RAIL_14127634035,Saligramam,metro,GTFS_STOP_5353,Vadapalani Depot,bus,316.5,0.5,True,False,Cross-mode candidate in TIER_3_LOCAL: metro <-> bus at 316.5m.
HUB_SIR_THIYAGARAYA_COLLEGE,Sir Thiyagaraya College,TIER_3_LOCAL,CMRL_API_6723,Sir Thiyagaraya College Metro,metro,OSM_RAIL_5274761658,Korukkupet,suburban_rail,384.9,0.5,True,False,Cross-mode candidate in TIER_3_LOCAL: metro <-> suburban_rail at 384.9m.
HUB_ST__THOMAS_MOUNT,St. Thomas Mount,TIER_3_LOCAL,CMRL_API_6897,St. Thomas Mount Metro,metro,OSM_RAIL_4221752111,Saint Thomas Mount,suburban_rail,81.0,0.9,True,False,Cross-mode candidate in TIER_3_LOCAL: metro <-> suburban_rail at 81.0m.
HUB_TARAMANI,Taramani,TIER_3_LOCAL,OSM_RAIL_5311755240,Taramani,suburban_rail,GTFS_STOP_8705,Taramani Metro Station,metro,206.1,0.9,True,False,Cross-mode candidate in TIER_3_LOCAL: suburban_rail <-> metro at 206.1m.
HUB_TARAMANI,Taramani,TIER_3_LOCAL,OSM_RAIL_5311755240,Taramani,suburban_rail,GTFS_STOP_8706,Taramani Metro Station,metro,224.9,0.9,True,False,Cross-mode candidate in TIER_3_LOCAL: suburban_rail <-> metro at 224.9m.
HUB_THIRUMAYILAI,Thirumayilai,TIER_3_LOCAL,OSM_RAIL_5311755234,Thirumayilai,suburban_rail,OSM_RAIL_14018223531,Thirumayilai Metro,metro,160.2,0.9,True,False,Cross-mode candidate in TIER_3_LOCAL: suburban_rail <-> metro at 160.2m.
HUB_THIRUMAYILAI,Thirumayilai,TIER_3_LOCAL,OSM_RAIL_5311755234,Thirumayilai,suburban_rail,OSM_BUS_243060332,மைலாப்பூர்,bus,223.4,0.75,True,False,Cross-mode candidate in TIER_3_LOCAL: suburban_rail <-> bus at 223.4m.
HUB_THIRUMAYILAI,Thirumayilai,TIER_3_LOCAL,OSM_RAIL_14018223531,Thirumayilai Metro,metro,OSM_BUS_243060332,மைலாப்பூர்,bus,379.2,0.5,True,False,Cross-mode candidate in TIER_3_LOCAL: metro <-> bus at 379.2m.
HUB_THIRUVOTTRIYUR,Thiruvottriyur,TIER_3_LOCAL,OSM_RAIL_8430636714,Thiruvottriyur,metro,GTFS_STOP_5350,Thiruvottriyur Depot,bus,92.4,0.9,True,False,Cross-mode candidate in TIER_3_LOCAL: metro <-> bus at 92.4m.
HUB_THIRUVOTTRIYUR,Thiruvottriyur,TIER_3_LOCAL,OSM_RAIL_8430636714,Thiruvottriyur,metro,GTFS_STOP_7576,Thiruvottriyur Bus Terminus,bus,391.6,0.9,True,False,Cross-mode candidate in TIER_3_LOCAL: metro <-> bus at 391.6m.
HUB_THIRUVOTTRIYUR,Thiruvottriyur,TIER_3_LOCAL,OSM_RAIL_8430636714,Thiruvottriyur,metro,OSM_BUS_1391573897,Thirovttriyur MTC Terminus,bus,44.5,0.75,True,False,Cross-mode candidate in TIER_3_LOCAL: metro <-> bus at 44.5m.
HUB_THIRUVOTTRIYUR,Thiruvottriyur,TIER_3_LOCAL,OSM_RAIL_8430636714,Thiruvottriyur,metro,GTFS_STOP_10539,Thiruvottiyur Ajax Bus Depot,bus,44.4,0.75,True,False,Cross-mode candidate in TIER_3_LOCAL: metro <-> bus at 44.4m.
HUB_THIRUVOTTRIYUR,Thiruvottriyur,TIER_3_LOCAL,OSM_RAIL_8430636714,Thiruvottriyur,metro,GTFS_STOP_10540,Thiruvottiyur Ajax Bus Depot,bus,47.3,0.75,True,False,Cross-mode candidate in TIER_3_LOCAL: metro <-> bus at 47.3m.
HUB_THIRUVOTTRIYUR_THERADI,Thiruvottriyur Theradi,TIER_3_LOCAL,CMRL_API_6733,Thiruvottriyur Theradi Metro,metro,OSM_RAIL_5311732459,Tiruvottiyur,suburban_rail,415.2,0.5,True,False,Cross-mode candidate in TIER_3_LOCAL: metro <-> suburban_rail at 415.2m.
HUB_TIRUNINRAVUR,Tiruninravur,TIER_3_LOCAL,OSM_RAIL_5286998286,Tiruninravur,suburban_rail,OSM_BUS_6354463623,Tiruninravur Bus Stand,bus,299.0,0.9,True,False,Cross-mode candidate in TIER_3_LOCAL: suburban_rail <-> bus at 299.0m.
HUB_TIRUSULAM,Tirusulam,TIER_3_LOCAL,OSM_RAIL_4885083053,Tirusulam,suburban_rail,OSM_RAIL_5319207344,சென்னை விமான நிலையம்,metro,177.9,0.75,True,False,Cross-mode candidate in TIER_3_LOCAL: suburban_rail <-> metro at 177.9m.
HUB_TIRUSULAM,Tirusulam,TIER_3_LOCAL,OSM_RAIL_4885083053,Tirusulam,suburban_rail,OSM_RAIL_6285857240,சென்னை விமான நிலையம்,metro,181.5,0.75,True,False,Cross-mode candidate in TIER_3_LOCAL: suburban_rail <-> metro at 181.5m.
HUB_TIRUSULAM,Tirusulam,TIER_3_LOCAL,OSM_RAIL_4885083053,Tirusulam,suburban_rail,OSM_RAIL_6285857241,Chennai International Airport,metro,176.7,0.75,True,False,Cross-mode candidate in TIER_3_LOCAL: suburban_rail <-> metro at 176.7m.
HUB_TIRUSULAM,Tirusulam,TIER_3_LOCAL,OSM_RAIL_4885083053,Tirusulam,suburban_rail,GTFS_STOP_10971,Airport Metro,metro,224.6,0.75,True,False,Cross-mode candidate in TIER_3_LOCAL: suburban_rail <-> metro at 224.6m.
HUB_TIRUSULAM,Tirusulam,TIER_3_LOCAL,OSM_RAIL_4885083053,Tirusulam,suburban_rail,GTFS_STOP_8722,Chennai Airport Metro,metro,311.2,0.5,True,False,Cross-mode candidate in TIER_3_LOCAL: suburban_rail <-> metro at 311.2m.
HUB_TOLLGATE,Tollgate,TIER_3_LOCAL,CMRL_API_6729,Tollgate Metro,metro,GTFS_STOP_10931,Toll Gate Terminus,bus,323.4,0.5,True,False,Cross-mode candidate in TIER_3_LOCAL: metro <-> bus at 323.4m.
HUB_V_O_C__NAGAR,V.O.C. Nagar,TIER_3_LOCAL,OSM_RAIL_5287054301,V.O.C. Nagar,suburban_rail,GTFS_STOP_10487,Todiya Pet 2 Depot,bus,390.6,0.5,True,False,Cross-mode candidate in TIER_3_LOCAL: suburban_rail <-> bus at 390.6m.
HUB_VADAPALANI,Vadapalani,TIER_3_LOCAL,CMRL_API_6908,Vadapalani,metro,GTFS_STOP_5353,Vadapalani Depot,bus,170.3,0.9,True,False,Cross-mode candidate in TIER_3_LOCAL: metro <-> bus at 170.3m.
HUB_WASHERMANPET,Washermanpet,TIER_3_LOCAL,OSM_RAIL_5337658099,Washermanpet,metro,OSM_RAIL_6460934200,Washermanpet,suburban_rail,169.2,0.9,True,False,Cross-mode candidate in TIER_3_LOCAL: metro <-> suburban_rail at 169.2m.
HUB_WIMCO_NAGAR,Wimco Nagar,TIER_3_LOCAL,CMRL_API_6740,Wimco Nagar Depot Metro,metro,OSM_RAIL_5311732501,Wimco Nagar,suburban_rail,451.1,0.9,True,False,Cross-mode candidate in TIER_3_LOCAL: metro <-> suburban_rail at 451.1m.
HUB_WIMCO_NAGAR,Wimco Nagar,TIER_3_LOCAL,CMRL_API_6738,Wimco Nagar Metro,metro,OSM_RAIL_5311732501,Wimco Nagar,suburban_rail,87.7,0.9,True,False,Cross-mode candidate in TIER_3_LOCAL: metro <-> suburban_rail at 87.7m.
HUB_WIMCO_NAGAR,Wimco Nagar,TIER_3_LOCAL,OSM_RAIL_5311732501,Wimco Nagar,suburban_rail,OSM_RAIL_8430636713,Wimco Nagar,metro,208.6,0.9,True,False,Cross-mode candidate in TIER_3_LOCAL: suburban_rail <-> metro at 208.6m.
HUB_WIMCO_NAGAR,Wimco Nagar,TIER_3_LOCAL,OSM_RAIL_5311732501,Wimco Nagar,suburban_rail,OSM_RAIL_8477103052,Wimco Nagar,metro,211.3,0.9,True,False,Cross-mode candidate in TIER_3_LOCAL: suburban_rail <-> metro at 211.3m.
HUB_WIMCO_NAGAR,Wimco Nagar,TIER_3_LOCAL,OSM_RAIL_5311732501,Wimco Nagar,suburban_rail,OSM_RAIL_8477103098,Wimco Nagar,metro,205.8,0.9,True,False,Cross-mode candidate in TIER_3_LOCAL: suburban_rail <-> metro at 205.8m.
HUB_WIMCO_NAGAR,Wimco Nagar,TIER_3_LOCAL,OSM_RAIL_9857416360,Wimco Nagar Depot,metro,OSM_BUS_9857416360,Wimco Nagar Depot,bus,0.0,0.9,True,False,Cross-mode candidate in TIER_3_LOCAL: metro <-> bus at 0.0m.
HUB_WIMCO_NAGAR,Wimco Nagar,TIER_3_LOCAL,OSM_RAIL_9857416360,Wimco Nagar Depot,metro,GTFS_STOP_CMRL_01,Wimco Nagar Depot,bus,0.0,0.9,True,False,Cross-mode candidate in TIER_3_LOCAL: metro <-> bus at 0.0m.
