route_code,route_label,service_category,agency_id,source_id,raw_file_id,disclosure_date
101,101,regular,MTC,MTC_OFFICIAL,MTC_OFFICIAL_ROUTES_20260918,2026-08-07
101CT,101CT,cut_trip,MTC,MTC_OFFICIAL,MTC_OFFICIAL_ROUTES_20260918,2026-08-07
101E,101E,express,MTC,MTC_OFFICIAL,MTC_OFFICIAL_ROUTES_20260918,2026-08-07
101X,101X,deluxe_express,MTC,MTC_OFFICIAL,MTC_OFFICIAL_ROUTES_20260918,2026-08-07
102,102,regular,MTC,MTC_OFFICIAL,MTC_OFFICIAL_ROUTES_20260918,2026-08-07
102A,102A,regular,MTC,MTC_OFFICIAL,MTC_OFFICIAL_ROUTES_20260918,2026-08-07
102C,102C,regular,MTC,MTC_OFFICIAL,MTC_OFFICIAL_ROUTES_20260918,2026-08-07
102CT,102CT,cut_trip,MTC,MTC_OFFICIAL,MTC_OFFICIAL_ROUTES_20260918,2026-08-07
102E,102E,express,MTC,MTC_OFFICIAL,MTC_OFFICIAL_ROUTES_20260918,2026-08-07
102K,102K,regular,MTC,MTC_OFFICIAL,MTC_OFFICIAL_ROUTES_20260918,2026-08-07
102K#,102K#,regular,MTC,MTC_OFFICIAL,MTC_OFFICIAL_ROUTES_20260918,2026-08-07
102M,102M,regular,MTC,MTC_OFFICIAL,MTC_OFFICIAL_ROUTES_20260918,2026-08-07
102P,102P,regular,MTC,MTC_OFFICIAL,MTC_OFFICIAL_ROUTES_20260918,2026-08-07
102S,102S,regular,MTC,MTC_OFFICIAL,MTC_OFFICIAL_ROUTES_20260918,2026-08-07
102X,102X,deluxe_express,MTC,MTC_OFFICIAL,MTC_OFFICIAL_ROUTES_20260918,2026-08-07
104,104,regular,MTC,MTC_OFFICIAL,MTC_OFFICIAL_ROUTES_20260918,2026-08-07
104A,104A,regular,MTC,MTC_OFFICIAL,MTC_OFFICIAL_ROUTES_20260918,2026-08-07
104C,104C,regular,MTC,MTC_OFFICIAL,MTC_OFFICIAL_ROUTES_20260918,2026-08-07
104CX,104CX,deluxe_express,MTC,MTC_OFFICIAL,MTC_OFFICIAL_ROUTES_20260918,2026-08-07
104F,104F,regular,MTC,MTC_OFFICIAL,MTC_OFFICIAL_ROUTES_20260918,2026-08-07
104G,104G,regular,MTC,MTC_OFFICIAL,MTC_OFFICIAL_ROUTES_20260918,2026-08-07
104K,104K,regular,MTC,MTC_OFFICIAL,MTC_OFFICIAL_ROUTES_20260918,2026-08-07
104M,104M,regular,MTC,MTC_OFFICIAL,MTC_OFFICIAL_ROUTES_20260918,2026-08-07
104P,104P,regular,MTC,MTC_OFFICIAL,MTC_OFFICIAL_ROUTES_20260918,2026-08-07
104T,104T,regular,MTC,MTC_OFFICIAL,MTC_OFFICIAL_ROUTES_20260918,2026-08-07
105,105,regular,MTC,MTC_OFFICIAL,MTC_OFFICIAL_ROUTES_20260918,2026-08-07
105A,105A,regular,MTC,MTC_OFFICIAL,MTC_OFFICIAL_ROUTES_20260918,2026-08-07
109,109,regular,MTC,MTC_OFFICIAL,MTC_OFFICIAL_ROUTES_20260918,2026-08-07
109A,109A,regular,MTC,MTC_OFFICIAL,MTC_OFFICIAL_ROUTES_20260918,2026-08-07
109C,109C,regular,MTC,MTC_OFFICIAL,MTC_OFFICIAL_ROUTES_20260918,2026-08-07
109CT,109CT,cut_trip,MTC,MTC_OFFICIAL,MTC_OFFICIAL_ROUTES_20260918,2026-08-07
109T,109T,regular,MTC,MTC_OFFICIAL,MTC_OFFICIAL_ROUTES_20260918,2026-08-07
109X,109X,deluxe_express,MTC,MTC_OFFICIAL,MTC_OFFICIAL_ROUTES_20260918,2026-08-07
10A,10A,regular,MTC,MTC_OFFICIAL,MTC_OFFICIAL_ROUTES_20260918,2026-08-07
10E,10E,express,MTC,MTC_OFFICIAL,MTC_OFFICIAL_ROUTES_20260918,2026-08-07
11,11,regular,MTC,MTC_OFFICIAL,MTC_OFFICIAL_ROUTES_20260918,2026-08-07
111,111,regular,MTC,MTC_OFFICIAL,MTC_OFFICIAL_ROUTES_20260918,2026-08-07
111ET,111ET,regular,MTC,MTC_OFFICIAL,MTC_OFFICIAL_ROUTES_20260918,2026-08-07
113,113,regular,MTC,MTC_OFFICIAL,MTC_OFFICIAL_ROUTES_20260918,2026-08-07
113A,113A,regular,MTC,MTC_OFFICIAL,MTC_OFFICIAL_ROUTES_20260918,2026-08-07
114,114,regular,MTC,MTC_OFFICIAL,MTC_OFFICIAL_ROUTES_20260918,2026-08-07
114A,114A,regular,MTC,MTC_OFFICIAL,MTC_OFFICIAL_ROUTES_20260918,2026-08-07
114C,114C,regular,MTC,MTC_OFFICIAL,MTC_OFFICIAL_ROUTES_20260918,2026-08-07
114CCT,114CCT,cut_trip,MTC,MTC_OFFICIAL,MTC_OFFICIAL_ROUTES_20260918,2026-08-07
114D,114D,regular,MTC,MTC_OFFICIAL,MTC_OFFICIAL_ROUTES_20260918,2026-08-07
114E,114E,express,MTC,MTC_OFFICIAL,MTC_OFFICIAL_ROUTES_20260918,2026-08-07
114ET,114ET,regular,MTC,MTC_OFFICIAL,MTC_OFFICIAL_ROUTES_20260918,2026-08-07
114G,114G,regular,MTC,MTC_OFFICIAL,MTC_OFFICIAL_ROUTES_20260918,2026-08-07
114P,114P,regular,MTC,MTC_OFFICIAL,MTC_OFFICIAL_ROUTES_20260918,2026-08-07
114S,114S,regular,MTC,MTC_OFFICIAL,MTC_OFFICIAL_ROUTES_20260918,2026-08-07
118,118,regular,MTC,MTC_OFFICIAL,MTC_OFFICIAL_ROUTES_20260918,2026-08-07
118ET,118ET,regular,MTC,MTC_OFFICIAL,MTC_OFFICIAL_ROUTES_20260918,2026-08-07
118G,118G,regular,MTC,MTC_OFFICIAL,MTC_OFFICIAL_ROUTES_20260918,2026-08-07
118N,118N,regular,MTC,MTC_OFFICIAL,MTC_OFFICIAL_ROUTES_20260918,2026-08-07
118P,118P,regular,MTC,MTC_OFFICIAL,MTC_OFFICIAL_ROUTES_20260918,2026-08-07
118T,118T,regular,MTC,MTC_OFFICIAL,MTC_OFFICIAL_ROUTES_20260918,2026-08-07
119,119,regular,MTC,MTC_OFFICIAL,MTC_OFFICIAL_ROUTES_20260918,2026-08-07
119G,119G,regular,MTC,MTC_OFFICIAL,MTC_OFFICIAL_ROUTES_20260918,2026-08-07
11G,11G,regular,MTC,MTC_OFFICIAL,MTC_OFFICIAL_ROUTES_20260918,2026-08-07
11M,11M,regular,MTC,MTC_OFFICIAL,MTC_OFFICIAL_ROUTES_20260918,2026-08-07
120,120,regular,MTC,MTC_OFFICIAL,MTC_OFFICIAL_ROUTES_20260918,2026-08-07
120A,120A,regular,MTC,MTC_OFFICIAL,MTC_OFFICIAL_ROUTES_20260918,2026-08-07
120CT,120CT,cut_trip,MTC,MTC_OFFICIAL,MTC_OFFICIAL_ROUTES_20260918,2026-08-07
120E,120E,express,MTC,MTC_OFFICIAL,MTC_OFFICIAL_ROUTES_20260918,2026-08-07
120F,120F,regular,MTC,MTC_OFFICIAL,MTC_OFFICIAL_ROUTES_20260918,2026-08-07
120G,120G,regular,MTC,MTC_OFFICIAL,MTC_OFFICIAL_ROUTES_20260918,2026-08-07
120K,120K,regular,MTC,MTC_OFFICIAL,MTC_OFFICIAL_ROUTES_20260918,2026-08-07
120KET,120KET,regular,MTC,MTC_OFFICIAL,MTC_OFFICIAL_ROUTES_20260918,2026-08-07
121,121,regular,MTC,MTC_OFFICIAL,MTC_OFFICIAL_ROUTES_20260918,2026-08-07
121A,121A,regular,MTC,MTC_OFFICIAL,MTC_OFFICIAL_ROUTES_20260918,2026-08-07
121C,121C,regular,MTC,MTC_OFFICIAL,MTC_OFFICIAL_ROUTES_20260918,2026-08-07
121CT,121CT,cut_trip,MTC,MTC_OFFICIAL,MTC_OFFICIAL_ROUTES_20260918,2026-08-07
121D,121D,regular,MTC,MTC_OFFICIAL,MTC_OFFICIAL_ROUTES_20260918,2026-08-07
121G,121G,regular,MTC,MTC_OFFICIAL,MTC_OFFICIAL_ROUTES_20260918,2026-08-07
121M,121M,regular,MTC,MTC_OFFICIAL,MTC_OFFICIAL_ROUTES_20260918,2026-08-07
121MET,121MET,regular,MTC,MTC_OFFICIAL,MTC_OFFICIAL_ROUTES_20260918,2026-08-07
129C,129C,regular,MTC,MTC_OFFICIAL,MTC_OFFICIAL_ROUTES_20260918,2026-08-07
12B,12B,regular,MTC,MTC_OFFICIAL,MTC_OFFICIAL_ROUTES_20260918,2026-08-07
12G,12G,regular,MTC,MTC_OFFICIAL,MTC_OFFICIAL_ROUTES_20260918,2026-08-07
12M,12M,regular,MTC,MTC_OFFICIAL,MTC_OFFICIAL_ROUTES_20260918,2026-08-07
12X,12X,deluxe_express,MTC,MTC_OFFICIAL,MTC_OFFICIAL_ROUTES_20260918,2026-08-07
13,13,regular,MTC,MTC_OFFICIAL,MTC_OFFICIAL_ROUTES_20260918,2026-08-07
142,142,regular,MTC,MTC_OFFICIAL,MTC_OFFICIAL_ROUTES_20260918,2026-08-07
142B,142B,regular,MTC,MTC_OFFICIAL,MTC_OFFICIAL_ROUTES_20260918,2026-08-07
142P,142P,regular,MTC,MTC_OFFICIAL,MTC_OFFICIAL_ROUTES_20260918,2026-08-07
147A,147A,regular,MTC,MTC_OFFICIAL,MTC_OFFICIAL_ROUTES_20260918,2026-08-07
147B,147B,regular,MTC,MTC_OFFICIAL,MTC_OFFICIAL_ROUTES_20260918,2026-08-07
147C,147C,regular,MTC,MTC_OFFICIAL,MTC_OFFICIAL_ROUTES_20260918,2026-08-07
147V,147V,regular,MTC,MTC_OFFICIAL,MTC_OFFICIAL_ROUTES_20260918,2026-08-07
14A,14A,regular,MTC,MTC_OFFICIAL,MTC_OFFICIAL_ROUTES_20260918,2026-08-07
14M,14M,regular,MTC,MTC_OFFICIAL,MTC_OFFICIAL_ROUTES_20260918,2026-08-07
15,15,regular,MTC,MTC_OFFICIAL,MTC_OFFICIAL_ROUTES_20260918,2026-08-07
150,150,regular,MTC,MTC_OFFICIAL,MTC_OFFICIAL_ROUTES_20260918,2026-08-07
153,153,regular,MTC,MTC_OFFICIAL,MTC_OFFICIAL_ROUTES_20260918,2026-08-07
153A,153A,regular,MTC,MTC_OFFICIAL,MTC_OFFICIAL_ROUTES_20260918,2026-08-07
153C,153C,regular,MTC,MTC_OFFICIAL,MTC_OFFICIAL_ROUTES_20260918,2026-08-07
153P,153P,regular,MTC,MTC_OFFICIAL,MTC_OFFICIAL_ROUTES_20260918,2026-08-07
153T,153T,regular,MTC,MTC_OFFICIAL,MTC_OFFICIAL_ROUTES_20260918,2026-08-07
154,154,regular,MTC,MTC_OFFICIAL,MTC_OFFICIAL_ROUTES_20260918,2026-08-07
154B,154B,regular,MTC,MTC_OFFICIAL,MTC_OFFICIAL_ROUTES_20260918,2026-08-07
154E,154E,express,MTC,MTC_OFFICIAL,MTC_OFFICIAL_ROUTES_20260918,2026-08-07
154P,154P,regular,MTC,MTC_OFFICIAL,MTC_OFFICIAL_ROUTES_20260918,2026-08-07
155A,155A,regular,MTC,MTC_OFFICIAL,MTC_OFFICIAL_ROUTES_20260918,2026-08-07
157,157,regular,MTC,MTC_OFFICIAL,MTC_OFFICIAL_ROUTES_20260918,2026-08-07
157E,157E,express,MTC,MTC_OFFICIAL,MTC_OFFICIAL_ROUTES_20260918,2026-08-07
159,159,regular,MTC,MTC_OFFICIAL,MTC_OFFICIAL_ROUTES_20260918,2026-08-07
159B,159B,regular,MTC,MTC_OFFICIAL,MTC_OFFICIAL_ROUTES_20260918,2026-08-07
159E,159E,express,MTC,MTC_OFFICIAL,MTC_OFFICIAL_ROUTES_20260918,2026-08-07
159K,159K,regular,MTC,MTC_OFFICIAL,MTC_OFFICIAL_ROUTES_20260918,2026-08-07
15BET,15BET,regular,MTC,MTC_OFFICIAL,MTC_OFFICIAL_ROUTES_20260918,2026-08-07
15F,15F,regular,MTC,MTC_OFFICIAL,MTC_OFFICIAL_ROUTES_20260918,2026-08-07
15G,15G,regular,MTC,MTC_OFFICIAL,MTC_OFFICIAL_ROUTES_20260918,2026-08-07
164,164,regular,MTC,MTC_OFFICIAL,MTC_OFFICIAL_ROUTES_20260918,2026-08-07
166,166,regular,MTC,MTC_OFFICIAL,MTC_OFFICIAL_ROUTES_20260918,2026-08-07
166K,166K,regular,MTC,MTC_OFFICIAL,MTC_OFFICIAL_ROUTES_20260918,2026-08-07
16J,16J,regular,MTC,MTC_OFFICIAL,MTC_OFFICIAL_ROUTES_20260918,2026-08-07
16K,16K,regular,MTC,MTC_OFFICIAL,MTC_OFFICIAL_ROUTES_20260918,2026-08-07
170A,170A,regular,MTC,MTC_OFFICIAL,MTC_OFFICIAL_ROUTES_20260918,2026-08-07
170C,170C,regular,MTC,MTC_OFFICIAL,MTC_OFFICIAL_ROUTES_20260918,2026-08-07
170CE,170CE,express,MTC,MTC_OFFICIAL,MTC_OFFICIAL_ROUTES_20260918,2026-08-07
170K,170K,regular,MTC,MTC_OFFICIAL,MTC_OFFICIAL_ROUTES_20260918,2026-08-07
170T,170T,regular,MTC,MTC_OFFICIAL,MTC_OFFICIAL_ROUTES_20260918,2026-08-07
170TX,170TX,deluxe_express,MTC,MTC_OFFICIAL,MTC_OFFICIAL_ROUTES_20260918,2026-08-07
17D,17D,regular,MTC,MTC_OFFICIAL,MTC_OFFICIAL_ROUTES_20260918,2026-08-07
17E,17E,express,MTC,MTC_OFFICIAL,MTC_OFFICIAL_ROUTES_20260918,2026-08-07
17K,17K,regular,MTC,MTC_OFFICIAL,MTC_OFFICIAL_ROUTES_20260918,2026-08-07
188A,188A,regular,MTC,MTC_OFFICIAL,MTC_OFFICIAL_ROUTES_20260918,2026-08-07
188C,188C,regular,MTC,MTC_OFFICIAL,MTC_OFFICIAL_ROUTES_20260918,2026-08-07
188E,188E,express,MTC,MTC_OFFICIAL,MTC_OFFICIAL_ROUTES_20260918,2026-08-07
188ET,188ET,regular,MTC,MTC_OFFICIAL,MTC_OFFICIAL_ROUTES_20260918,2026-08-07
188K,188K,regular,MTC,MTC_OFFICIAL,MTC_OFFICIAL_ROUTES_20260918,2026-08-07
188T,188T,regular,MTC,MTC_OFFICIAL,MTC_OFFICIAL_ROUTES_20260918,2026-08-07
18A,18A,regular,MTC,MTC_OFFICIAL,MTC_OFFICIAL_ROUTES_20260918,2026-08-07
18ACT,18ACT,cut_trip,MTC,MTC_OFFICIAL,MTC_OFFICIAL_ROUTES_20260918,2026-08-07
18B,18B,regular,MTC,MTC_OFFICIAL,MTC_OFFICIAL_ROUTES_20260918,2026-08-07
18D,18D,regular,MTC,MTC_OFFICIAL,MTC_OFFICIAL_ROUTES_20260918,2026-08-07
18E,18E,express,MTC,MTC_OFFICIAL,MTC_OFFICIAL_ROUTES_20260918,2026-08-07
18H,18H,regular,MTC,MTC_OFFICIAL,MTC_OFFICIAL_ROUTES_20260918,2026-08-07
18K,18K,regular,MTC,MTC_OFFICIAL,MTC_OFFICIAL_ROUTES_20260918,2026-08-07
18M,18M,regular,MTC,MTC_OFFICIAL,MTC_OFFICIAL_ROUTES_20260918,2026-08-07
18N,18N,regular,MTC,MTC_OFFICIAL,MTC_OFFICIAL_ROUTES_20260918,2026-08-07
18P,18P,regular,MTC,MTC_OFFICIAL,MTC_OFFICIAL_ROUTES_20260918,2026-08-07
18R,18R,regular,MTC,MTC_OFFICIAL,MTC_OFFICIAL_ROUTES_20260918,2026-08-07
18RX,18RX,deluxe_express,MTC,MTC_OFFICIAL,MTC_OFFICIAL_ROUTES_20260918,2026-08-07
18S,18S,regular,MTC,MTC_OFFICIAL,MTC_OFFICIAL_ROUTES_20260918,2026-08-07
18X,18X,deluxe_express,MTC,MTC_OFFICIAL,MTC_OFFICIAL_ROUTES_20260918,2026-08-07
19,19,regular,MTC,MTC_OFFICIAL,MTC_OFFICIAL_ROUTES_20260918,2026-08-07
19A,19A,regular,MTC,MTC_OFFICIAL,MTC_OFFICIAL_ROUTES_20260918,2026-08-07
19B,19B,regular,MTC,MTC_OFFICIAL,MTC_OFFICIAL_ROUTES_20260918,2026-08-07
19BET,19BET,regular,MTC,MTC_OFFICIAL,MTC_OFFICIAL_ROUTES_20260918,2026-08-07
19C,19C,regular,MTC,MTC_OFFICIAL,MTC_OFFICIAL_ROUTES_20260918,2026-08-07
19D,19D,regular,MTC,MTC_OFFICIAL,MTC_OFFICIAL_ROUTES_20260918,2026-08-07
19T,19T,regular,MTC,MTC_OFFICIAL,MTC_OFFICIAL_ROUTES_20260918,2026-08-07
1C,1C,regular,MTC,MTC_OFFICIAL,MTC_OFFICIAL_ROUTES_20260918,2026-08-07
1D,1D,regular,MTC,MTC_OFFICIAL,MTC_OFFICIAL_ROUTES_20260918,2026-08-07
20,20,regular,MTC,MTC_OFFICIAL,MTC_OFFICIAL_ROUTES_20260918,2026-08-07
202,202,regular,MTC,MTC_OFFICIAL,MTC_OFFICIAL_ROUTES_20260918,2026-08-07
202A,202A,regular,MTC,MTC_OFFICIAL,MTC_OFFICIAL_ROUTES_20260918,2026-08-07
202X,202X,deluxe_express,MTC,MTC_OFFICIAL,MTC_OFFICIAL_ROUTES_20260918,2026-08-07
206,206,regular,MTC,MTC_OFFICIAL,MTC_OFFICIAL_ROUTES_20260918,2026-08-07
20A,20A,regular,MTC,MTC_OFFICIAL,MTC_OFFICIAL_ROUTES_20260918,2026-08-07
20D,20D,regular,MTC,MTC_OFFICIAL,MTC_OFFICIAL_ROUTES_20260918,2026-08-07
20P,20P,regular,MTC,MTC_OFFICIAL,MTC_OFFICIAL_ROUTES_20260918,2026-08-07
21,21,regular,MTC,MTC_OFFICIAL,MTC_OFFICIAL_ROUTES_20260918,2026-08-07
21C,21C,regular,MTC,MTC_OFFICIAL,MTC_OFFICIAL_ROUTES_20260918,2026-08-07
21EET,21EET,regular,MTC,MTC_OFFICIAL,MTC_OFFICIAL_ROUTES_20260918,2026-08-07
21G,21G,regular,MTC,MTC_OFFICIAL,MTC_OFFICIAL_ROUTES_20260918,2026-08-07
21L,21L,regular,MTC,MTC_OFFICIAL,MTC_OFFICIAL_ROUTES_20260918,2026-08-07
21P,21P,regular,MTC,MTC_OFFICIAL,MTC_OFFICIAL_ROUTES_20260918,2026-08-07
22,22,regular,MTC,MTC_OFFICIAL,MTC_OFFICIAL_ROUTES_20260918,2026-08-07
221,221,regular,MTC,MTC_OFFICIAL,MTC_OFFICIAL_ROUTES_20260918,2026-08-07
23C,23C,regular,MTC,MTC_OFFICIAL,MTC_OFFICIAL_ROUTES_20260918,2026-08-07
23V,23V,regular,MTC,MTC_OFFICIAL,MTC_OFFICIAL_ROUTES_20260918,2026-08-07
242,242,regular,MTC,MTC_OFFICIAL,MTC_OFFICIAL_ROUTES_20260918,2026-08-07
24A,24A,regular,MTC,MTC_OFFICIAL,MTC_OFFICIAL_ROUTES_20260918,2026-08-07
24AX,24AX,deluxe_express,MTC,MTC_OFFICIAL,MTC_OFFICIAL_ROUTES_20260918,2026-08-07
25,25,regular,MTC,MTC_OFFICIAL,MTC_OFFICIAL_ROUTES_20260918,2026-08-07
26,26,regular,MTC,MTC_OFFICIAL,MTC_OFFICIAL_ROUTES_20260918,2026-08-07
266,266,regular,MTC,MTC_OFFICIAL,MTC_OFFICIAL_ROUTES_20260918,2026-08-07
26B,26B,regular,MTC,MTC_OFFICIAL,MTC_OFFICIAL_ROUTES_20260918,2026-08-07
26G,26G,regular,MTC,MTC_OFFICIAL,MTC_OFFICIAL_ROUTES_20260918,2026-08-07
26K,26K,regular,MTC,MTC_OFFICIAL,MTC_OFFICIAL_ROUTES_20260918,2026-08-07
26M,26M,regular,MTC,MTC_OFFICIAL,MTC_OFFICIAL_ROUTES_20260918,2026-08-07
26R,26R,regular,MTC,MTC_OFFICIAL,MTC_OFFICIAL_ROUTES_20260918,2026-08-07
27B,27B,regular,MTC,MTC_OFFICIAL,MTC_OFFICIAL_ROUTES_20260918,2026-08-07
27D,27D,regular,MTC,MTC_OFFICIAL,MTC_OFFICIAL_ROUTES_20260918,2026-08-07
28A,28A,regular,MTC,MTC_OFFICIAL,MTC_OFFICIAL_ROUTES_20260918,2026-08-07
28B,28B,regular,MTC,MTC_OFFICIAL,MTC_OFFICIAL_ROUTES_20260918,2026-08-07
297,297,regular,MTC,MTC_OFFICIAL,MTC_OFFICIAL_ROUTES_20260918,2026-08-07
29A,29A,regular,MTC,MTC_OFFICIAL,MTC_OFFICIAL_ROUTES_20260918,2026-08-07
29AET,29AET,regular,MTC,MTC_OFFICIAL,MTC_OFFICIAL_ROUTES_20260918,2026-08-07
29AEX,29AEX,deluxe_express,MTC,MTC_OFFICIAL,MTC_OFFICIAL_ROUTES_20260918,2026-08-07
29B,29B,regular,MTC,MTC_OFFICIAL,MTC_OFFICIAL_ROUTES_20260918,2026-08-07
29C,29C,regular,MTC,MTC_OFFICIAL,MTC_OFFICIAL_ROUTES_20260918,2026-08-07
29CET,29CET,regular,MTC,MTC_OFFICIAL,MTC_OFFICIAL_ROUTES_20260918,2026-08-07
29CEX,29CEX,deluxe_express,MTC,MTC_OFFICIAL,MTC_OFFICIAL_ROUTES_20260918,2026-08-07
29D,29D,regular,MTC,MTC_OFFICIAL,MTC_OFFICIAL_ROUTES_20260918,2026-08-07
29E,29E,express,MTC,MTC_OFFICIAL,MTC_OFFICIAL_ROUTES_20260918,2026-08-07
29ET,29ET,regular,MTC,MTC_OFFICIAL,MTC_OFFICIAL_ROUTES_20260918,2026-08-07
29NET,29NET,regular,MTC,MTC_OFFICIAL,MTC_OFFICIAL_ROUTES_20260918,2026-08-07
2A,2A,regular,MTC,MTC_OFFICIAL,MTC_OFFICIAL_ROUTES_20260918,2026-08-07
2B,2B,regular,MTC,MTC_OFFICIAL,MTC_OFFICIAL_ROUTES_20260918,2026-08-07
3,3,regular,MTC,MTC_OFFICIAL,MTC_OFFICIAL_ROUTES_20260918,2026-08-07
31A,31A,regular,MTC,MTC_OFFICIAL,MTC_OFFICIAL_ROUTES_20260918,2026-08-07
31B,31B,regular,MTC,MTC_OFFICIAL,MTC_OFFICIAL_ROUTES_20260918,2026-08-07
31G,31G,regular,MTC,MTC_OFFICIAL,MTC_OFFICIAL_ROUTES_20260918,2026-08-07
31M,31M,regular,MTC,MTC_OFFICIAL,MTC_OFFICIAL_ROUTES_20260918,2026-08-07
31P,31P,regular,MTC,MTC_OFFICIAL,MTC_OFFICIAL_ROUTES_20260918,2026-08-07
32A,32A,regular,MTC,MTC_OFFICIAL,MTC_OFFICIAL_ROUTES_20260918,2026-08-07
32AX,32AX,deluxe_express,MTC,MTC_OFFICIAL,MTC_OFFICIAL_ROUTES_20260918,2026-08-07
32B,32B,regular,MTC,MTC_OFFICIAL,MTC_OFFICIAL_ROUTES_20260918,2026-08-07
33B,33B,regular,MTC,MTC_OFFICIAL,MTC_OFFICIAL_ROUTES_20260918,2026-08-07
33C,33C,regular,MTC,MTC_OFFICIAL,MTC_OFFICIAL_ROUTES_20260918,2026-08-07
33L,33L,regular,MTC,MTC_OFFICIAL,MTC_OFFICIAL_ROUTES_20260918,2026-08-07
34,34,regular,MTC,MTC_OFFICIAL,MTC_OFFICIAL_ROUTES_20260918,2026-08-07
35,35,regular,MTC,MTC_OFFICIAL,MTC_OFFICIAL_ROUTES_20260918,2026-08-07
35C,35C,regular,MTC,MTC_OFFICIAL,MTC_OFFICIAL_ROUTES_20260918,2026-08-07
36K,36K,regular,MTC,MTC_OFFICIAL,MTC_OFFICIAL_ROUTES_20260918,2026-08-07
36M,36M,regular,MTC,MTC_OFFICIAL,MTC_OFFICIAL_ROUTES_20260918,2026-08-07
36V,36V,regular,MTC,MTC_OFFICIAL,MTC_OFFICIAL_ROUTES_20260918,2026-08-07
37,37,regular,MTC,MTC_OFFICIAL,MTC_OFFICIAL_ROUTES_20260918,2026-08-07
37B,37B,regular,MTC,MTC_OFFICIAL,MTC_OFFICIAL_ROUTES_20260918,2026-08-07
37CT,37CT,cut_trip,MTC,MTC_OFFICIAL,MTC_OFFICIAL_ROUTES_20260918,2026-08-07
37D,37D,regular,MTC,MTC_OFFICIAL,MTC_OFFICIAL_ROUTES_20260918,2026-08-07
37E,37E,express,MTC,MTC_OFFICIAL,MTC_OFFICIAL_ROUTES_20260918,2026-08-07
37ECT,37ECT,cut_trip,MTC,MTC_OFFICIAL,MTC_OFFICIAL_ROUTES_20260918,2026-08-07
37G,37G,regular,MTC,MTC_OFFICIAL,MTC_OFFICIAL_ROUTES_20260918,2026-08-07
38A,38A,regular,MTC,MTC_OFFICIAL,MTC_OFFICIAL_ROUTES_20260918,2026-08-07
38C,38C,regular,MTC,MTC_OFFICIAL,MTC_OFFICIAL_ROUTES_20260918,2026-08-07
38D,38D,regular,MTC,MTC_OFFICIAL,MTC_OFFICIAL_ROUTES_20260918,2026-08-07
38G,38G,regular,MTC,MTC_OFFICIAL,MTC_OFFICIAL_ROUTES_20260918,2026-08-07
38H,38H,regular,MTC,MTC_OFFICIAL,MTC_OFFICIAL_ROUTES_20260918,2026-08-07
4,4,regular,MTC,MTC_OFFICIAL,MTC_OFFICIAL_ROUTES_20260918,2026-08-07
40A,40A,regular,MTC,MTC_OFFICIAL,MTC_OFFICIAL_ROUTES_20260918,2026-08-07
40H,40H,regular,MTC,MTC_OFFICIAL,MTC_OFFICIAL_ROUTES_20260918,2026-08-07
40L,40L,regular,MTC,MTC_OFFICIAL,MTC_OFFICIAL_ROUTES_20260918,2026-08-07
40N,40N,regular,MTC,MTC_OFFICIAL,MTC_OFFICIAL_ROUTES_20260918,2026-08-07
41D,41D,regular,MTC,MTC_OFFICIAL,MTC_OFFICIAL_ROUTES_20260918,2026-08-07
42,42,regular,MTC,MTC_OFFICIAL,MTC_OFFICIAL_ROUTES_20260918,2026-08-07
42B,42B,regular,MTC,MTC_OFFICIAL,MTC_OFFICIAL_ROUTES_20260918,2026-08-07
42C,42C,regular,MTC,MTC_OFFICIAL,MTC_OFFICIAL_ROUTES_20260918,2026-08-07
42D,42D,regular,MTC,MTC_OFFICIAL,MTC_OFFICIAL_ROUTES_20260918,2026-08-07
42M,42M,regular,MTC,MTC_OFFICIAL,MTC_OFFICIAL_ROUTES_20260918,2026-08-07
44,44,regular,MTC,MTC_OFFICIAL,MTC_OFFICIAL_ROUTES_20260918,2026-08-07
44C,44C,regular,MTC,MTC_OFFICIAL,MTC_OFFICIAL_ROUTES_20260918,2026-08-07
44CT,44CT,cut_trip,MTC,MTC_OFFICIAL,MTC_OFFICIAL_ROUTES_20260918,2026-08-07
45A,45A,regular,MTC,MTC_OFFICIAL,MTC_OFFICIAL_ROUTES_20260918,2026-08-07
45ACT,45ACT,cut_trip,MTC,MTC_OFFICIAL,MTC_OFFICIAL_ROUTES_20260918,2026-08-07
45B,45B,regular,MTC,MTC_OFFICIAL,MTC_OFFICIAL_ROUTES_20260918,2026-08-07
45BET,45BET,regular,MTC,MTC_OFFICIAL,MTC_OFFICIAL_ROUTES_20260918,2026-08-07
46,46,regular,MTC,MTC_OFFICIAL,MTC_OFFICIAL_ROUTES_20260918,2026-08-07
46ET,46ET,regular,MTC,MTC_OFFICIAL,MTC_OFFICIAL_ROUTES_20260918,2026-08-07
46G,46G,regular,MTC,MTC_OFFICIAL,MTC_OFFICIAL_ROUTES_20260918,2026-08-07
47,47,regular,MTC,MTC_OFFICIAL,MTC_OFFICIAL_ROUTES_20260918,2026-08-07
47A,47A,regular,MTC,MTC_OFFICIAL,MTC_OFFICIAL_ROUTES_20260918,2026-08-07
47C,47C,regular,MTC,MTC_OFFICIAL,MTC_OFFICIAL_ROUTES_20260918,2026-08-07
47CX,47CX,deluxe_express,MTC,MTC_OFFICIAL,MTC_OFFICIAL_ROUTES_20260918,2026-08-07
47DCT,47DCT,cut_trip,MTC,MTC_OFFICIAL,MTC_OFFICIAL_ROUTES_20260918,2026-08-07
47T,47T,regular,MTC,MTC_OFFICIAL,MTC_OFFICIAL_ROUTES_20260918,2026-08-07
48A,48A,regular,MTC,MTC_OFFICIAL,MTC_OFFICIAL_ROUTES_20260918,2026-08-07
48AET,48AET,regular,MTC,MTC_OFFICIAL,MTC_OFFICIAL_ROUTES_20260918,2026-08-07
48B,48B,regular,MTC,MTC_OFFICIAL,MTC_OFFICIAL_ROUTES_20260918,2026-08-07
48BX,48BX,deluxe_express,MTC,MTC_OFFICIAL,MTC_OFFICIAL_ROUTES_20260918,2026-08-07
48C,48C,regular,MTC,MTC_OFFICIAL,MTC_OFFICIAL_ROUTES_20260918,2026-08-07
48K,48K,regular,MTC,MTC_OFFICIAL,MTC_OFFICIAL_ROUTES_20260918,2026-08-07
48P,48P,regular,MTC,MTC_OFFICIAL,MTC_OFFICIAL_ROUTES_20260918,2026-08-07
49,49,regular,MTC,MTC_OFFICIAL,MTC_OFFICIAL_ROUTES_20260918,2026-08-07
49A,49A,regular,MTC,MTC_OFFICIAL,MTC_OFFICIAL_ROUTES_20260918,2026-08-07
49F,49F,regular,MTC,MTC_OFFICIAL,MTC_OFFICIAL_ROUTES_20260918,2026-08-07
49K,49K,regular,MTC,MTC_OFFICIAL,MTC_OFFICIAL_ROUTES_20260918,2026-08-07
49X,49X,deluxe_express,MTC,MTC_OFFICIAL,MTC_OFFICIAL_ROUTES_20260918,2026-08-07
4M,4M,regular,MTC,MTC_OFFICIAL,MTC_OFFICIAL_ROUTES_20260918,2026-08-07
50,50,regular,MTC,MTC_OFFICIAL,MTC_OFFICIAL_ROUTES_20260918,2026-08-07
500,500,regular,MTC,MTC_OFFICIAL,MTC_OFFICIAL_ROUTES_20260918,2026-08-07
500A,500A,regular,MTC,MTC_OFFICIAL,MTC_OFFICIAL_ROUTES_20260918,2026-08-07
500D,500D,regular,MTC,MTC_OFFICIAL,MTC_OFFICIAL_ROUTES_20260918,2026-08-07
500E,500E,express,MTC,MTC_OFFICIAL,MTC_OFFICIAL_ROUTES_20260918,2026-08-07
500ET,500ET,regular,MTC,MTC_OFFICIAL,MTC_OFFICIAL_ROUTES_20260918,2026-08-07
500P,500P,regular,MTC,MTC_OFFICIAL,MTC_OFFICIAL_ROUTES_20260918,2026-08-07
500R,500R,regular,MTC,MTC_OFFICIAL,MTC_OFFICIAL_ROUTES_20260918,2026-08-07
500W,500W,regular,MTC,MTC_OFFICIAL,MTC_OFFICIAL_ROUTES_20260918,2026-08-07
505,505,regular,MTC,MTC_OFFICIAL,MTC_OFFICIAL_ROUTES_20260918,2026-08-07
505K,505K,regular,MTC,MTC_OFFICIAL,MTC_OFFICIAL_ROUTES_20260918,2026-08-07
50ET,50ET,regular,MTC,MTC_OFFICIAL,MTC_OFFICIAL_ROUTES_20260918,2026-08-07
50M,50M,regular,MTC,MTC_OFFICIAL,MTC_OFFICIAL_ROUTES_20260918,2026-08-07
51,51,regular,MTC,MTC_OFFICIAL,MTC_OFFICIAL_ROUTES_20260918,2026-08-07
512,512,regular,MTC,MTC_OFFICIAL,MTC_OFFICIAL_ROUTES_20260918,2026-08-07
512S,512S,regular,MTC,MTC_OFFICIAL,MTC_OFFICIAL_ROUTES_20260918,2026-08-07
514,514,regular,MTC,MTC_OFFICIAL,MTC_OFFICIAL_ROUTES_20260918,2026-08-07
514ET,514ET,regular,MTC,MTC_OFFICIAL,MTC_OFFICIAL_ROUTES_20260918,2026-08-07
515,515,regular,MTC,MTC_OFFICIAL,MTC_OFFICIAL_ROUTES_20260918,2026-08-07
515A,515A,regular,MTC,MTC_OFFICIAL,MTC_OFFICIAL_ROUTES_20260918,2026-08-07
515B,515B,regular,MTC,MTC_OFFICIAL,MTC_OFFICIAL_ROUTES_20260918,2026-08-07
515CT,515CT,cut_trip,MTC,MTC_OFFICIAL,MTC_OFFICIAL_ROUTES_20260918,2026-08-07
515K,515K,regular,MTC,MTC_OFFICIAL,MTC_OFFICIAL_ROUTES_20260918,2026-08-07
515M,515M,regular,MTC,MTC_OFFICIAL,MTC_OFFICIAL_ROUTES_20260918,2026-08-07
515T,515T,regular,MTC,MTC_OFFICIAL,MTC_OFFICIAL_ROUTES_20260918,2026-08-07
517K,517K,regular,MTC,MTC_OFFICIAL,MTC_OFFICIAL_ROUTES_20260918,2026-08-07
519T,519T,regular,MTC,MTC_OFFICIAL,MTC_OFFICIAL_ROUTES_20260918,2026-08-07
51A,51A,regular,MTC,MTC_OFFICIAL,MTC_OFFICIAL_ROUTES_20260918,2026-08-07
51AX,51AX,deluxe_express,MTC,MTC_OFFICIAL,MTC_OFFICIAL_ROUTES_20260918,2026-08-07
51B,51B,regular,MTC,MTC_OFFICIAL,MTC_OFFICIAL_ROUTES_20260918,2026-08-07
51C,51C,regular,MTC,MTC_OFFICIAL,MTC_OFFICIAL_ROUTES_20260918,2026-08-07
51D,51D,regular,MTC,MTC_OFFICIAL,MTC_OFFICIAL_ROUTES_20260918,2026-08-07
51J,51J,regular,MTC,MTC_OFFICIAL,MTC_OFFICIAL_ROUTES_20260918,2026-08-07
51M,51M,regular,MTC,MTC_OFFICIAL,MTC_OFFICIAL_ROUTES_20260918,2026-08-07
51T,51T,regular,MTC,MTC_OFFICIAL,MTC_OFFICIAL_ROUTES_20260918,2026-08-07
51X,51X,deluxe_express,MTC,MTC_OFFICIAL,MTC_OFFICIAL_ROUTES_20260918,2026-08-07
52,52,regular,MTC,MTC_OFFICIAL,MTC_OFFICIAL_ROUTES_20260918,2026-08-07
523,523,regular,MTC,MTC_OFFICIAL,MTC_OFFICIAL_ROUTES_20260918,2026-08-07
523A,523A,regular,MTC,MTC_OFFICIAL,MTC_OFFICIAL_ROUTES_20260918,2026-08-07
525,525,regular,MTC,MTC_OFFICIAL,MTC_OFFICIAL_ROUTES_20260918,2026-08-07
52B,52B,regular,MTC,MTC_OFFICIAL,MTC_OFFICIAL_ROUTES_20260918,2026-08-07
52C,52C,regular,MTC,MTC_OFFICIAL,MTC_OFFICIAL_ROUTES_20260918,2026-08-07
52G,52G,regular,MTC,MTC_OFFICIAL,MTC_OFFICIAL_ROUTES_20260918,2026-08-07
52H,52H,regular,MTC,MTC_OFFICIAL,MTC_OFFICIAL_ROUTES_20260918,2026-08-07
52K,52K,regular,MTC,MTC_OFFICIAL,MTC_OFFICIAL_ROUTES_20260918,2026-08-07
53,53,regular,MTC,MTC_OFFICIAL,MTC_OFFICIAL_ROUTES_20260918,2026-08-07
53C,53C,regular,MTC,MTC_OFFICIAL,MTC_OFFICIAL_ROUTES_20260918,2026-08-07
53E,53E,express,MTC,MTC_OFFICIAL,MTC_OFFICIAL_ROUTES_20260918,2026-08-07
53G,53G,regular,MTC,MTC_OFFICIAL,MTC_OFFICIAL_ROUTES_20260918,2026-08-07
53P,53P,regular,MTC,MTC_OFFICIAL,MTC_OFFICIAL_ROUTES_20260918,2026-08-07
54,54,regular,MTC,MTC_OFFICIAL,MTC_OFFICIAL_ROUTES_20260918,2026-08-07
547,547,regular,MTC,MTC_OFFICIAL,MTC_OFFICIAL_ROUTES_20260918,2026-08-07
547A,547A,regular,MTC,MTC_OFFICIAL,MTC_OFFICIAL_ROUTES_20260918,2026-08-07
549,549,regular,MTC,MTC_OFFICIAL,MTC_OFFICIAL_ROUTES_20260918,2026-08-07
54B,54B,regular,MTC,MTC_OFFICIAL,MTC_OFFICIAL_ROUTES_20260918,2026-08-07
54C,54C,regular,MTC,MTC_OFFICIAL,MTC_OFFICIAL_ROUTES_20260918,2026-08-07
54E,54E,express,MTC,MTC_OFFICIAL,MTC_OFFICIAL_ROUTES_20260918,2026-08-07
54G,54G,regular,MTC,MTC_OFFICIAL,MTC_OFFICIAL_ROUTES_20260918,2026-08-07
54K,54K,regular,MTC,MTC_OFFICIAL,MTC_OFFICIAL_ROUTES_20260918,2026-08-07
54L,54L,regular,MTC,MTC_OFFICIAL,MTC_OFFICIAL_ROUTES_20260918,2026-08-07
54P,54P,regular,MTC,MTC_OFFICIAL,MTC_OFFICIAL_ROUTES_20260918,2026-08-07
54S,54S,regular,MTC,MTC_OFFICIAL,MTC_OFFICIAL_ROUTES_20260918,2026-08-07
54T,54T,regular,MTC,MTC_OFFICIAL,MTC_OFFICIAL_ROUTES_20260918,2026-08-07
54V,54V,regular,MTC,MTC_OFFICIAL,MTC_OFFICIAL_ROUTES_20260918,2026-08-07
54VCT,54VCT,cut_trip,MTC,MTC_OFFICIAL,MTC_OFFICIAL_ROUTES_20260918,2026-08-07
552K,552K,regular,MTC,MTC_OFFICIAL,MTC_OFFICIAL_ROUTES_20260918,2026-08-07
553K,553K,regular,MTC,MTC_OFFICIAL,MTC_OFFICIAL_ROUTES_20260918,2026-08-07
553W,553W,regular,MTC,MTC_OFFICIAL,MTC_OFFICIAL_ROUTES_20260918,2026-08-07
554B,554B,regular,MTC,MTC_OFFICIAL,MTC_OFFICIAL_ROUTES_20260918,2026-08-07
555G,555G,regular,MTC,MTC_OFFICIAL,MTC_OFFICIAL_ROUTES_20260918,2026-08-07
555M,555M,regular,MTC,MTC_OFFICIAL,MTC_OFFICIAL_ROUTES_20260918,2026-08-07
555N,555N,regular,MTC,MTC_OFFICIAL,MTC_OFFICIAL_ROUTES_20260918,2026-08-07
555P,555P,regular,MTC,MTC_OFFICIAL,MTC_OFFICIAL_ROUTES_20260918,2026-08-07
555S,555S,regular,MTC,MTC_OFFICIAL,MTC_OFFICIAL_ROUTES_20260918,2026-08-07
556,556,regular,MTC,MTC_OFFICIAL,MTC_OFFICIAL_ROUTES_20260918,2026-08-07
557,557,regular,MTC,MTC_OFFICIAL,MTC_OFFICIAL_ROUTES_20260918,2026-08-07
557AE,557AE,express,MTC,MTC_OFFICIAL,MTC_OFFICIAL_ROUTES_20260918,2026-08-07
557C,557C,regular,MTC,MTC_OFFICIAL,MTC_OFFICIAL_ROUTES_20260918,2026-08-07
557M,557M,regular,MTC,MTC_OFFICIAL,MTC_OFFICIAL_ROUTES_20260918,2026-08-07
558A,558A,regular,MTC,MTC_OFFICIAL,MTC_OFFICIAL_ROUTES_20260918,2026-08-07
558B,558B,regular,MTC,MTC_OFFICIAL,MTC_OFFICIAL_ROUTES_20260918,2026-08-07
558C,558C,regular,MTC,MTC_OFFICIAL,MTC_OFFICIAL_ROUTES_20260918,2026-08-07
558L,558L,regular,MTC,MTC_OFFICIAL,MTC_OFFICIAL_ROUTES_20260918,2026-08-07
558P,558P,regular,MTC,MTC_OFFICIAL,MTC_OFFICIAL_ROUTES_20260918,2026-08-07
55A,55A,regular,MTC,MTC_OFFICIAL,MTC_OFFICIAL_ROUTES_20260918,2026-08-07
55B,55B,regular,MTC,MTC_OFFICIAL,MTC_OFFICIAL_ROUTES_20260918,2026-08-07
55C,55C,regular,MTC,MTC_OFFICIAL,MTC_OFFICIAL_ROUTES_20260918,2026-08-07
55D,55D,regular,MTC,MTC_OFFICIAL,MTC_OFFICIAL_ROUTES_20260918,2026-08-07
55DET,55DET,regular,MTC,MTC_OFFICIAL,MTC_OFFICIAL_ROUTES_20260918,2026-08-07
55ET,55ET,regular,MTC,MTC_OFFICIAL,MTC_OFFICIAL_ROUTES_20260918,2026-08-07
55G,55G,regular,MTC,MTC_OFFICIAL,MTC_OFFICIAL_ROUTES_20260918,2026-08-07
55H,55H,regular,MTC,MTC_OFFICIAL,MTC_OFFICIAL_ROUTES_20260918,2026-08-07
55K,55K,regular,MTC,MTC_OFFICIAL,MTC_OFFICIAL_ROUTES_20260918,2026-08-07
55M,55M,regular,MTC,MTC_OFFICIAL,MTC_OFFICIAL_ROUTES_20260918,2026-08-07
55N,55N,regular,MTC,MTC_OFFICIAL,MTC_OFFICIAL_ROUTES_20260918,2026-08-07
55P,55P,regular,MTC,MTC_OFFICIAL,MTC_OFFICIAL_ROUTES_20260918,2026-08-07
55V,55V,regular,MTC,MTC_OFFICIAL,MTC_OFFICIAL_ROUTES_20260918,2026-08-07
55X,55X,deluxe_express,MTC,MTC_OFFICIAL,MTC_OFFICIAL_ROUTES_20260918,2026-08-07
565,565,regular,MTC,MTC_OFFICIAL,MTC_OFFICIAL_ROUTES_20260918,2026-08-07
566,566,regular,MTC,MTC_OFFICIAL,MTC_OFFICIAL_ROUTES_20260918,2026-08-07
566B,566B,regular,MTC,MTC_OFFICIAL,MTC_OFFICIAL_ROUTES_20260918,2026-08-07
568B,568B,regular,MTC,MTC_OFFICIAL,MTC_OFFICIAL_ROUTES_20260918,2026-08-07
56A,56A,regular,MTC,MTC_OFFICIAL,MTC_OFFICIAL_ROUTES_20260918,2026-08-07
56ACT,56ACT,cut_trip,MTC,MTC_OFFICIAL,MTC_OFFICIAL_ROUTES_20260918,2026-08-07
56C,56C,regular,MTC,MTC_OFFICIAL,MTC_OFFICIAL_ROUTES_20260918,2026-08-07
56D,56D,regular,MTC,MTC_OFFICIAL,MTC_OFFICIAL_ROUTES_20260918,2026-08-07
56DET,56DET,regular,MTC,MTC_OFFICIAL,MTC_OFFICIAL_ROUTES_20260918,2026-08-07
56F,56F,regular,MTC,MTC_OFFICIAL,MTC_OFFICIAL_ROUTES_20260918,2026-08-07
56J,56J,regular,MTC,MTC_OFFICIAL,MTC_OFFICIAL_ROUTES_20260918,2026-08-07
56K,56K,regular,MTC,MTC_OFFICIAL,MTC_OFFICIAL_ROUTES_20260918,2026-08-07
56P,56P,regular,MTC,MTC_OFFICIAL,MTC_OFFICIAL_ROUTES_20260918,2026-08-07
56PA,56PA,regular,MTC,MTC_OFFICIAL,MTC_OFFICIAL_ROUTES_20260918,2026-08-07
57,57,regular,MTC,MTC_OFFICIAL,MTC_OFFICIAL_ROUTES_20260918,2026-08-07
570,570,regular,MTC,MTC_OFFICIAL,MTC_OFFICIAL_ROUTES_20260918,2026-08-07
570ET,570ET,regular,MTC,MTC_OFFICIAL,MTC_OFFICIAL_ROUTES_20260918,2026-08-07
570P,570P,regular,MTC,MTC_OFFICIAL,MTC_OFFICIAL_ROUTES_20260918,2026-08-07
572,572,regular,MTC,MTC_OFFICIAL,MTC_OFFICIAL_ROUTES_20260918,2026-08-07
572A,572A,regular,MTC,MTC_OFFICIAL,MTC_OFFICIAL_ROUTES_20260918,2026-08-07
572K,572K,regular,MTC,MTC_OFFICIAL,MTC_OFFICIAL_ROUTES_20260918,2026-08-07
578,578,regular,MTC,MTC_OFFICIAL,MTC_OFFICIAL_ROUTES_20260918,2026-08-07
578A,578A,regular,MTC,MTC_OFFICIAL,MTC_OFFICIAL_ROUTES_20260918,2026-08-07
578ET,578ET,regular,MTC,MTC_OFFICIAL,MTC_OFFICIAL_ROUTES_20260918,2026-08-07
578M,578M,regular,MTC,MTC_OFFICIAL,MTC_OFFICIAL_ROUTES_20260918,2026-08-07
578P,578P,regular,MTC,MTC_OFFICIAL,MTC_OFFICIAL_ROUTES_20260918,2026-08-07
579A,579A,regular,MTC,MTC_OFFICIAL,MTC_OFFICIAL_ROUTES_20260918,2026-08-07
579C,579C,regular,MTC,MTC_OFFICIAL,MTC_OFFICIAL_ROUTES_20260918,2026-08-07
579K,579K,regular,MTC,MTC_OFFICIAL,MTC_OFFICIAL_ROUTES_20260918,2026-08-07
57A,57A,regular,MTC,MTC_OFFICIAL,MTC_OFFICIAL_ROUTES_20260918,2026-08-07
57B,57B,regular,MTC,MTC_OFFICIAL,MTC_OFFICIAL_ROUTES_20260918,2026-08-07
57CCT,57CCT,cut_trip,MTC,MTC_OFFICIAL,MTC_OFFICIAL_ROUTES_20260918,2026-08-07
57D,57D,regular,MTC,MTC_OFFICIAL,MTC_OFFICIAL_ROUTES_20260918,2026-08-07
57E,57E,express,MTC,MTC_OFFICIAL,MTC_OFFICIAL_ROUTES_20260918,2026-08-07
57F,57F,regular,MTC,MTC_OFFICIAL,MTC_OFFICIAL_ROUTES_20260918,2026-08-07
57G,57G,regular,MTC,MTC_OFFICIAL,MTC_OFFICIAL_ROUTES_20260918,2026-08-07
57H,57H,regular,MTC,MTC_OFFICIAL,MTC_OFFICIAL_ROUTES_20260918,2026-08-07
57J,57J,regular,MTC,MTC_OFFICIAL,MTC_OFFICIAL_ROUTES_20260918,2026-08-07
57M,57M,regular,MTC,MTC_OFFICIAL,MTC_OFFICIAL_ROUTES_20260918,2026-08-07
57P,57P,regular,MTC,MTC_OFFICIAL,MTC_OFFICIAL_ROUTES_20260918,2026-08-07
57X,57X,deluxe_express,MTC,MTC_OFFICIAL,MTC_OFFICIAL_ROUTES_20260918,2026-08-07
580,580,regular,MTC,MTC_OFFICIAL,MTC_OFFICIAL_ROUTES_20260918,2026-08-07
580A,580A,regular,MTC,MTC_OFFICIAL,MTC_OFFICIAL_ROUTES_20260918,2026-08-07
580M,580M,regular,MTC,MTC_OFFICIAL,MTC_OFFICIAL_ROUTES_20260918,2026-08-07
583,583,regular,MTC,MTC_OFFICIAL,MTC_OFFICIAL_ROUTES_20260918,2026-08-07
583A,583A,regular,MTC,MTC_OFFICIAL,MTC_OFFICIAL_ROUTES_20260918,2026-08-07
583C,583C,regular,MTC,MTC_OFFICIAL,MTC_OFFICIAL_ROUTES_20260918,2026-08-07
583D,583D,regular,MTC,MTC_OFFICIAL,MTC_OFFICIAL_ROUTES_20260918,2026-08-07
583K,583K,regular,MTC,MTC_OFFICIAL,MTC_OFFICIAL_ROUTES_20260918,2026-08-07
588,588,regular,MTC,MTC_OFFICIAL,MTC_OFFICIAL_ROUTES_20260918,2026-08-07
58V,58V,regular,MTC,MTC_OFFICIAL,MTC_OFFICIAL_ROUTES_20260918,2026-08-07
59,59,regular,MTC,MTC_OFFICIAL,MTC_OFFICIAL_ROUTES_20260918,2026-08-07
591,591,regular,MTC,MTC_OFFICIAL,MTC_OFFICIAL_ROUTES_20260918,2026-08-07
591C,591C,regular,MTC,MTC_OFFICIAL,MTC_OFFICIAL_ROUTES_20260918,2026-08-07
592,592,regular,MTC,MTC_OFFICIAL,MTC_OFFICIAL_ROUTES_20260918,2026-08-07
592V,592V,regular,MTC,MTC_OFFICIAL,MTC_OFFICIAL_ROUTES_20260918,2026-08-07
593CT,593CT,cut_trip,MTC,MTC_OFFICIAL,MTC_OFFICIAL_ROUTES_20260918,2026-08-07
595,595,regular,MTC,MTC_OFFICIAL,MTC_OFFICIAL_ROUTES_20260918,2026-08-07
597,597,regular,MTC,MTC_OFFICIAL,MTC_OFFICIAL_ROUTES_20260918,2026-08-07
597A,597A,regular,MTC,MTC_OFFICIAL,MTC_OFFICIAL_ROUTES_20260918,2026-08-07
597C,597C,regular,MTC,MTC_OFFICIAL,MTC_OFFICIAL_ROUTES_20260918,2026-08-07
597CET,597CET,regular,MTC,MTC_OFFICIAL,MTC_OFFICIAL_ROUTES_20260918,2026-08-07
597T,597T,regular,MTC,MTC_OFFICIAL,MTC_OFFICIAL_ROUTES_20260918,2026-08-07
5B,5B,regular,MTC,MTC_OFFICIAL,MTC_OFFICIAL_ROUTES_20260918,2026-08-07
5C,5C,regular,MTC,MTC_OFFICIAL,MTC_OFFICIAL_ROUTES_20260918,2026-08-07
5E,5E,express,MTC,MTC_OFFICIAL,MTC_OFFICIAL_ROUTES_20260918,2026-08-07
5G,5G,regular,MTC,MTC_OFFICIAL,MTC_OFFICIAL_ROUTES_20260918,2026-08-07
5S,5S,regular,MTC,MTC_OFFICIAL,MTC_OFFICIAL_ROUTES_20260918,2026-08-07
6,6,regular,MTC,MTC_OFFICIAL,MTC_OFFICIAL_ROUTES_20260918,2026-08-07
60,60,regular,MTC,MTC_OFFICIAL,MTC_OFFICIAL_ROUTES_20260918,2026-08-07
60A,60A,regular,MTC,MTC_OFFICIAL,MTC_OFFICIAL_ROUTES_20260918,2026-08-07
60D,60D,regular,MTC,MTC_OFFICIAL,MTC_OFFICIAL_ROUTES_20260918,2026-08-07
60E,60E,express,MTC,MTC_OFFICIAL,MTC_OFFICIAL_ROUTES_20260918,2026-08-07
60G,60G,regular,MTC,MTC_OFFICIAL,MTC_OFFICIAL_ROUTES_20260918,2026-08-07
60H,60H,regular,MTC,MTC_OFFICIAL,MTC_OFFICIAL_ROUTES_20260918,2026-08-07
61A,61A,regular,MTC,MTC_OFFICIAL,MTC_OFFICIAL_ROUTES_20260918,2026-08-07
61C,61C,regular,MTC,MTC_OFFICIAL,MTC_OFFICIAL_ROUTES_20260918,2026-08-07
61E,61E,express,MTC,MTC_OFFICIAL,MTC_OFFICIAL_ROUTES_20260918,2026-08-07
61K,61K,regular,MTC,MTC_OFFICIAL,MTC_OFFICIAL_ROUTES_20260918,2026-08-07
61R,61R,regular,MTC,MTC_OFFICIAL,MTC_OFFICIAL_ROUTES_20260918,2026-08-07
62,62,regular,MTC,MTC_OFFICIAL,MTC_OFFICIAL_ROUTES_20260918,2026-08-07
62A,62A,regular,MTC,MTC_OFFICIAL,MTC_OFFICIAL_ROUTES_20260918,2026-08-07
62B,62B,regular,MTC,MTC_OFFICIAL,MTC_OFFICIAL_ROUTES_20260918,2026-08-07
62CT,62CT,cut_trip,MTC,MTC_OFFICIAL,MTC_OFFICIAL_ROUTES_20260918,2026-08-07
62M,62M,regular,MTC,MTC_OFFICIAL,MTC_OFFICIAL_ROUTES_20260918,2026-08-07
63,63,regular,MTC,MTC_OFFICIAL,MTC_OFFICIAL_ROUTES_20260918,2026-08-07
64C,64C,regular,MTC,MTC_OFFICIAL,MTC_OFFICIAL_ROUTES_20260918,2026-08-07
64D,64D,regular,MTC,MTC_OFFICIAL,MTC_OFFICIAL_ROUTES_20260918,2026-08-07
64K,64K,regular,MTC,MTC_OFFICIAL,MTC_OFFICIAL_ROUTES_20260918,2026-08-07
64KET,64KET,regular,MTC,MTC_OFFICIAL,MTC_OFFICIAL_ROUTES_20260918,2026-08-07
64M,64M,regular,MTC,MTC_OFFICIAL,MTC_OFFICIAL_ROUTES_20260918,2026-08-07
65A,65A,regular,MTC,MTC_OFFICIAL,MTC_OFFICIAL_ROUTES_20260918,2026-08-07
65B,65B,regular,MTC,MTC_OFFICIAL,MTC_OFFICIAL_ROUTES_20260918,2026-08-07
65CCT,65CCT,cut_trip,MTC,MTC_OFFICIAL,MTC_OFFICIAL_ROUTES_20260918,2026-08-07
65D,65D,regular,MTC,MTC_OFFICIAL,MTC_OFFICIAL_ROUTES_20260918,2026-08-07
65E,65E,express,MTC,MTC_OFFICIAL,MTC_OFFICIAL_ROUTES_20260918,2026-08-07
65G,65G,regular,MTC,MTC_OFFICIAL,MTC_OFFICIAL_ROUTES_20260918,2026-08-07
65H,65H,regular,MTC,MTC_OFFICIAL,MTC_OFFICIAL_ROUTES_20260918,2026-08-07
65K,65K,regular,MTC,MTC_OFFICIAL,MTC_OFFICIAL_ROUTES_20260918,2026-08-07
66,66,regular,MTC,MTC_OFFICIAL,MTC_OFFICIAL_ROUTES_20260918,2026-08-07
66A,66A,regular,MTC,MTC_OFFICIAL,MTC_OFFICIAL_ROUTES_20260918,2026-08-07
66K,66K,regular,MTC,MTC_OFFICIAL,MTC_OFFICIAL_ROUTES_20260918,2026-08-07
66M,66M,regular,MTC,MTC_OFFICIAL,MTC_OFFICIAL_ROUTES_20260918,2026-08-07
66P,66P,regular,MTC,MTC_OFFICIAL,MTC_OFFICIAL_ROUTES_20260918,2026-08-07
66PX,66PX,deluxe_express,MTC,MTC_OFFICIAL,MTC_OFFICIAL_ROUTES_20260918,2026-08-07
6D,6D,regular,MTC,MTC_OFFICIAL,MTC_OFFICIAL_ROUTES_20260918,2026-08-07
6DET,6DET,regular,MTC,MTC_OFFICIAL,MTC_OFFICIAL_ROUTES_20260918,2026-08-07
70,70,regular,MTC,MTC_OFFICIAL,MTC_OFFICIAL_ROUTES_20260918,2026-08-07
70A,70A,regular,MTC,MTC_OFFICIAL,MTC_OFFICIAL_ROUTES_20260918,2026-08-07
70ACT,70ACT,cut_trip,MTC,MTC_OFFICIAL,MTC_OFFICIAL_ROUTES_20260918,2026-08-07
70C,70C,regular,MTC,MTC_OFFICIAL,MTC_OFFICIAL_ROUTES_20260918,2026-08-07
70CCT,70CCT,cut_trip,MTC,MTC_OFFICIAL,MTC_OFFICIAL_ROUTES_20260918,2026-08-07
70E,70E,express,MTC,MTC_OFFICIAL,MTC_OFFICIAL_ROUTES_20260918,2026-08-07
70F,70F,regular,MTC,MTC_OFFICIAL,MTC_OFFICIAL_ROUTES_20260918,2026-08-07
70G,70G,regular,MTC,MTC_OFFICIAL,MTC_OFFICIAL_ROUTES_20260918,2026-08-07
70H,70H,regular,MTC,MTC_OFFICIAL,MTC_OFFICIAL_ROUTES_20260918,2026-08-07
70J,70J,regular,MTC,MTC_OFFICIAL,MTC_OFFICIAL_ROUTES_20260918,2026-08-07
70K,70K,regular,MTC,MTC_OFFICIAL,MTC_OFFICIAL_ROUTES_20260918,2026-08-07
70LCT,70LCT,cut_trip,MTC,MTC_OFFICIAL,MTC_OFFICIAL_ROUTES_20260918,2026-08-07
70M,70M,regular,MTC,MTC_OFFICIAL,MTC_OFFICIAL_ROUTES_20260918,2026-08-07
70N,70N,regular,MTC,MTC_OFFICIAL,MTC_OFFICIAL_ROUTES_20260918,2026-08-07
70T,70T,regular,MTC,MTC_OFFICIAL,MTC_OFFICIAL_ROUTES_20260918,2026-08-07
70V,70V,regular,MTC,MTC_OFFICIAL,MTC_OFFICIAL_ROUTES_20260918,2026-08-07
71D,71D,regular,MTC,MTC_OFFICIAL,MTC_OFFICIAL_ROUTES_20260918,2026-08-07
71E,71E,express,MTC,MTC_OFFICIAL,MTC_OFFICIAL_ROUTES_20260918,2026-08-07
71H,71H,regular,MTC,MTC_OFFICIAL,MTC_OFFICIAL_ROUTES_20260918,2026-08-07
71V,71V,regular,MTC,MTC_OFFICIAL,MTC_OFFICIAL_ROUTES_20260918,2026-08-07
72,72,regular,MTC,MTC_OFFICIAL,MTC_OFFICIAL_ROUTES_20260918,2026-08-07
72M,72M,regular,MTC,MTC_OFFICIAL,MTC_OFFICIAL_ROUTES_20260918,2026-08-07
73,73,regular,MTC,MTC_OFFICIAL,MTC_OFFICIAL_ROUTES_20260918,2026-08-07
73A,73A,regular,MTC,MTC_OFFICIAL,MTC_OFFICIAL_ROUTES_20260918,2026-08-07
73C,73C,regular,MTC,MTC_OFFICIAL,MTC_OFFICIAL_ROUTES_20260918,2026-08-07
73CT,73CT,cut_trip,MTC,MTC_OFFICIAL,MTC_OFFICIAL_ROUTES_20260918,2026-08-07
76,76,regular,MTC,MTC_OFFICIAL,MTC_OFFICIAL_ROUTES_20260918,2026-08-07
76B,76B,regular,MTC,MTC_OFFICIAL,MTC_OFFICIAL_ROUTES_20260918,2026-08-07
77,77,regular,MTC,MTC_OFFICIAL,MTC_OFFICIAL_ROUTES_20260918,2026-08-07
77A,77A,regular,MTC,MTC_OFFICIAL,MTC_OFFICIAL_ROUTES_20260918,2026-08-07
77B,77B,regular,MTC,MTC_OFFICIAL,MTC_OFFICIAL_ROUTES_20260918,2026-08-07
77CT,77CT,cut_trip,MTC,MTC_OFFICIAL,MTC_OFFICIAL_ROUTES_20260918,2026-08-07
77E,77E,express,MTC,MTC_OFFICIAL,MTC_OFFICIAL_ROUTES_20260918,2026-08-07
77FCT,77FCT,cut_trip,MTC,MTC_OFFICIAL,MTC_OFFICIAL_ROUTES_20260918,2026-08-07
77K,77K,regular,MTC,MTC_OFFICIAL,MTC_OFFICIAL_ROUTES_20260918,2026-08-07
77M,77M,regular,MTC,MTC_OFFICIAL,MTC_OFFICIAL_ROUTES_20260918,2026-08-07
77P,77P,regular,MTC,MTC_OFFICIAL,MTC_OFFICIAL_ROUTES_20260918,2026-08-07
77T,77T,regular,MTC,MTC_OFFICIAL,MTC_OFFICIAL_ROUTES_20260918,2026-08-07
77V,77V,regular,MTC,MTC_OFFICIAL,MTC_OFFICIAL_ROUTES_20260918,2026-08-07
77VET,77VET,regular,MTC,MTC_OFFICIAL,MTC_OFFICIAL_ROUTES_20260918,2026-08-07
78,78,regular,MTC,MTC_OFFICIAL,MTC_OFFICIAL_ROUTES_20260918,2026-08-07
79A,79A,regular,MTC,MTC_OFFICIAL,MTC_OFFICIAL_ROUTES_20260918,2026-08-07
79V,79V,regular,MTC,MTC_OFFICIAL,MTC_OFFICIAL_ROUTES_20260918,2026-08-07
7E,7E,express,MTC,MTC_OFFICIAL,MTC_OFFICIAL_ROUTES_20260918,2026-08-07
7H,7H,regular,MTC,MTC_OFFICIAL,MTC_OFFICIAL_ROUTES_20260918,2026-08-07
7K,7K,regular,MTC,MTC_OFFICIAL,MTC_OFFICIAL_ROUTES_20260918,2026-08-07
7M,7M,regular,MTC,MTC_OFFICIAL,MTC_OFFICIAL_ROUTES_20260918,2026-08-07
7MET,7MET,regular,MTC,MTC_OFFICIAL,MTC_OFFICIAL_ROUTES_20260918,2026-08-07
88C,88C,regular,MTC,MTC_OFFICIAL,MTC_OFFICIAL_ROUTES_20260918,2026-08-07
88CET,88CET,regular,MTC,MTC_OFFICIAL,MTC_OFFICIAL_ROUTES_20260918,2026-08-07
88D,88D,regular,MTC,MTC_OFFICIAL,MTC_OFFICIAL_ROUTES_20260918,2026-08-07
88K,88K,regular,MTC,MTC_OFFICIAL,MTC_OFFICIAL_ROUTES_20260918,2026-08-07
88KET,88KET,regular,MTC,MTC_OFFICIAL,MTC_OFFICIAL_ROUTES_20260918,2026-08-07
88L,88L,regular,MTC,MTC_OFFICIAL,MTC_OFFICIAL_ROUTES_20260918,2026-08-07
88M,88M,regular,MTC,MTC_OFFICIAL,MTC_OFFICIAL_ROUTES_20260918,2026-08-07
88R,88R,regular,MTC,MTC_OFFICIAL,MTC_OFFICIAL_ROUTES_20260918,2026-08-07
89,89,regular,MTC,MTC_OFFICIAL,MTC_OFFICIAL_ROUTES_20260918,2026-08-07
89A,89A,regular,MTC,MTC_OFFICIAL,MTC_OFFICIAL_ROUTES_20260918,2026-08-07
89T,89T,regular,MTC,MTC_OFFICIAL,MTC_OFFICIAL_ROUTES_20260918,2026-08-07
89TCT,89TCT,cut_trip,MTC,MTC_OFFICIAL,MTC_OFFICIAL_ROUTES_20260918,2026-08-07
8ACT,8ACT,cut_trip,MTC,MTC_OFFICIAL,MTC_OFFICIAL_ROUTES_20260918,2026-08-07
8B,8B,regular,MTC,MTC_OFFICIAL,MTC_OFFICIAL_ROUTES_20260918,2026-08-07
91,91,regular,MTC,MTC_OFFICIAL,MTC_OFFICIAL_ROUTES_20260918,2026-08-07
91A,91A,regular,MTC,MTC_OFFICIAL,MTC_OFFICIAL_ROUTES_20260918,2026-08-07
91R,91R,regular,MTC,MTC_OFFICIAL,MTC_OFFICIAL_ROUTES_20260918,2026-08-07
91V,91V,regular,MTC,MTC_OFFICIAL,MTC_OFFICIAL_ROUTES_20260918,2026-08-07
95,95,regular,MTC,MTC_OFFICIAL,MTC_OFFICIAL_ROUTES_20260918,2026-08-07
95X,95X,deluxe_express,MTC,MTC_OFFICIAL,MTC_OFFICIAL_ROUTES_20260918,2026-08-07
95XCT,95XCT,cut_trip,MTC,MTC_OFFICIAL,MTC_OFFICIAL_ROUTES_20260918,2026-08-07
96,96,regular,MTC,MTC_OFFICIAL,MTC_OFFICIAL_ROUTES_20260918,2026-08-07
99,99,regular,MTC,MTC_OFFICIAL,MTC_OFFICIAL_ROUTES_20260918,2026-08-07
99A,99A,regular,MTC,MTC_OFFICIAL,MTC_OFFICIAL_ROUTES_20260918,2026-08-07
99C,99C,regular,MTC,MTC_OFFICIAL,MTC_OFFICIAL_ROUTES_20260918,2026-08-07
99X,99X,deluxe_express,MTC,MTC_OFFICIAL,MTC_OFFICIAL_ROUTES_20260918,2026-08-07
9M,9M,regular,MTC,MTC_OFFICIAL,MTC_OFFICIAL_ROUTES_20260918,2026-08-07
9MET,9MET,regular,MTC,MTC_OFFICIAL,MTC_OFFICIAL_ROUTES_20260918,2026-08-07
A1,A1,regular,MTC,MTC_OFFICIAL,MTC_OFFICIAL_ROUTES_20260918,2026-08-07
A1ET,A1ET,regular,MTC,MTC_OFFICIAL,MTC_OFFICIAL_ROUTES_20260918,2026-08-07
A45B,A45B,regular,MTC,MTC_OFFICIAL,MTC_OFFICIAL_ROUTES_20260918,2026-08-07
A47,A47,regular,MTC,MTC_OFFICIAL,MTC_OFFICIAL_ROUTES_20260918,2026-08-07
A51,A51,regular,MTC,MTC_OFFICIAL,MTC_OFFICIAL_ROUTES_20260918,2026-08-07
A54C,A54C,regular,MTC,MTC_OFFICIAL,MTC_OFFICIAL_ROUTES_20260918,2026-08-07
B18,B18,regular,MTC,MTC_OFFICIAL,MTC_OFFICIAL_ROUTES_20260918,2026-08-07
B70CT,B70CT,cut_trip,MTC,MTC_OFFICIAL,MTC_OFFICIAL_ROUTES_20260918,2026-08-07
C33,C33,regular,MTC,MTC_OFFICIAL,MTC_OFFICIAL_ROUTES_20260918,2026-08-07
C56C,C56C,regular,MTC,MTC_OFFICIAL,MTC_OFFICIAL_ROUTES_20260918,2026-08-07
C56CET,C56CET,regular,MTC,MTC_OFFICIAL,MTC_OFFICIAL_ROUTES_20260918,2026-08-07
C64,C64,regular,MTC,MTC_OFFICIAL,MTC_OFFICIAL_ROUTES_20260918,2026-08-07
CU1,CU1,regular,MTC,MTC_OFFICIAL,MTC_OFFICIAL_ROUTES_20260918,2026-08-07
CU2,CU2,regular,MTC,MTC_OFFICIAL,MTC_OFFICIAL_ROUTES_20260918,2026-08-07
D51ET,D51ET,regular,MTC,MTC_OFFICIAL,MTC_OFFICIAL_ROUTES_20260918,2026-08-07
D70,D70,regular,MTC,MTC_OFFICIAL,MTC_OFFICIAL_ROUTES_20260918,2026-08-07
D70CT,D70CT,cut_trip,MTC,MTC_OFFICIAL,MTC_OFFICIAL_ROUTES_20260918,2026-08-07
D70X,D70X,deluxe_express,MTC,MTC_OFFICIAL,MTC_OFFICIAL_ROUTES_20260918,2026-08-07
E18,E18,regular,MTC,MTC_OFFICIAL,MTC_OFFICIAL_ROUTES_20260918,2026-08-07
E51,E51,regular,MTC,MTC_OFFICIAL,MTC_OFFICIAL_ROUTES_20260918,2026-08-07
F70,F70,regular,MTC,MTC_OFFICIAL,MTC_OFFICIAL_ROUTES_20260918,2026-08-07
G18,G18,regular,MTC,MTC_OFFICIAL,MTC_OFFICIAL_ROUTES_20260918,2026-08-07
J51,J51,regular,MTC,MTC_OFFICIAL,MTC_OFFICIAL_ROUTES_20260918,2026-08-07
J66,J66,regular,MTC,MTC_OFFICIAL,MTC_OFFICIAL_ROUTES_20260918,2026-08-07
M1,M1,feeder_or_small,MTC,MTC_OFFICIAL,MTC_OFFICIAL_ROUTES_20260918,2026-08-07
M18C,M18C,feeder_or_small,MTC,MTC_OFFICIAL,MTC_OFFICIAL_ROUTES_20260918,2026-08-07
M18G,M18G,feeder_or_small,MTC,MTC_OFFICIAL,MTC_OFFICIAL_ROUTES_20260918,2026-08-07
M19B,M19B,feeder_or_small,MTC,MTC_OFFICIAL,MTC_OFFICIAL_ROUTES_20260918,2026-08-07
M1A,M1A,feeder_or_small,MTC,MTC_OFFICIAL,MTC_OFFICIAL_ROUTES_20260918,2026-08-07
M27,M27,feeder_or_small,MTC,MTC_OFFICIAL,MTC_OFFICIAL_ROUTES_20260918,2026-08-07
M51,M51,feeder_or_small,MTC,MTC_OFFICIAL,MTC_OFFICIAL_ROUTES_20260918,2026-08-07
M51D,M51D,feeder_or_small,MTC,MTC_OFFICIAL,MTC_OFFICIAL_ROUTES_20260918,2026-08-07
M51DCT,M51DCT,cut_trip,MTC,MTC_OFFICIAL,MTC_OFFICIAL_ROUTES_20260918,2026-08-07
M51R,M51R,feeder_or_small,MTC,MTC_OFFICIAL,MTC_OFFICIAL_ROUTES_20260918,2026-08-07
M51V,M51V,feeder_or_small,MTC,MTC_OFFICIAL,MTC_OFFICIAL_ROUTES_20260918,2026-08-07
M51VC,M51VC,feeder_or_small,MTC,MTC_OFFICIAL,MTC_OFFICIAL_ROUTES_20260918,2026-08-07
M52ET,M52ET,feeder_or_small,MTC,MTC_OFFICIAL,MTC_OFFICIAL_ROUTES_20260918,2026-08-07
M60,M60,feeder_or_small,MTC,MTC_OFFICIAL,MTC_OFFICIAL_ROUTES_20260918,2026-08-07
M70,M70,feeder_or_small,MTC,MTC_OFFICIAL,MTC_OFFICIAL_ROUTES_20260918,2026-08-07
M88,M88,feeder_or_small,MTC,MTC_OFFICIAL,MTC_OFFICIAL_ROUTES_20260918,2026-08-07
M88ET,M88ET,feeder_or_small,MTC,MTC_OFFICIAL,MTC_OFFICIAL_ROUTES_20260918,2026-08-07
M88T,M88T,feeder_or_small,MTC,MTC_OFFICIAL,MTC_OFFICIAL_ROUTES_20260918,2026-08-07
MAA1,MAA1,feeder_or_small,MTC,MTC_OFFICIAL,MTC_OFFICIAL_ROUTES_20260918,2026-08-07
MAA2,MAA2,feeder_or_small,MTC,MTC_OFFICIAL,MTC_OFFICIAL_ROUTES_20260918,2026-08-07
N45B,N45B,regular,MTC,MTC_OFFICIAL,MTC_OFFICIAL_ROUTES_20260918,2026-08-07
P570S,P570S,regular,MTC,MTC_OFFICIAL,MTC_OFFICIAL_ROUTES_20260918,2026-08-07
P91,P91,regular,MTC,MTC_OFFICIAL,MTC_OFFICIAL_ROUTES_20260918,2026-08-07
S1,S1,feeder_or_small,MTC,MTC_OFFICIAL,MTC_OFFICIAL_ROUTES_20260918,2026-08-07
S100,S100,feeder_or_small,MTC,MTC_OFFICIAL,MTC_OFFICIAL_ROUTES_20260918,2026-08-07
S11,S11,feeder_or_small,MTC,MTC_OFFICIAL,MTC_OFFICIAL_ROUTES_20260918,2026-08-07
S12,S12,feeder_or_small,MTC,MTC_OFFICIAL,MTC_OFFICIAL_ROUTES_20260918,2026-08-07
S13,S13,feeder_or_small,MTC,MTC_OFFICIAL,MTC_OFFICIAL_ROUTES_20260918,2026-08-07
S15,S15,feeder_or_small,MTC,MTC_OFFICIAL,MTC_OFFICIAL_ROUTES_20260918,2026-08-07
S165,S165,feeder_or_small,MTC,MTC_OFFICIAL,MTC_OFFICIAL_ROUTES_20260918,2026-08-07
S166,S166,feeder_or_small,MTC,MTC_OFFICIAL,MTC_OFFICIAL_ROUTES_20260918,2026-08-07
S167,S167,feeder_or_small,MTC,MTC_OFFICIAL,MTC_OFFICIAL_ROUTES_20260918,2026-08-07
S17,S17,feeder_or_small,MTC,MTC_OFFICIAL,MTC_OFFICIAL_ROUTES_20260918,2026-08-07
S18D,S18D,feeder_or_small,MTC,MTC_OFFICIAL,MTC_OFFICIAL_ROUTES_20260918,2026-08-07
S18K,S18K,feeder_or_small,MTC,MTC_OFFICIAL,MTC_OFFICIAL_ROUTES_20260918,2026-08-07
S19,S19,feeder_or_small,MTC,MTC_OFFICIAL,MTC_OFFICIAL_ROUTES_20260918,2026-08-07
S2,S2,feeder_or_small,MTC,MTC_OFFICIAL,MTC_OFFICIAL_ROUTES_20260918,2026-08-07
S20,S20,feeder_or_small,MTC,MTC_OFFICIAL,MTC_OFFICIAL_ROUTES_20260918,2026-08-07
S21C,S21C,feeder_or_small,MTC,MTC_OFFICIAL,MTC_OFFICIAL_ROUTES_20260918,2026-08-07
S22,S22,feeder_or_small,MTC,MTC_OFFICIAL,MTC_OFFICIAL_ROUTES_20260918,2026-08-07
S23,S23,feeder_or_small,MTC,MTC_OFFICIAL,MTC_OFFICIAL_ROUTES_20260918,2026-08-07
S24,S24,feeder_or_small,MTC,MTC_OFFICIAL,MTC_OFFICIAL_ROUTES_20260918,2026-08-07
S25,S25,feeder_or_small,MTC,MTC_OFFICIAL,MTC_OFFICIAL_ROUTES_20260918,2026-08-07
S25A,S25A,feeder_or_small,MTC,MTC_OFFICIAL,MTC_OFFICIAL_ROUTES_20260918,2026-08-07
S26,S26,feeder_or_small,MTC,MTC_OFFICIAL,MTC_OFFICIAL_ROUTES_20260918,2026-08-07
S27,S27,feeder_or_small,MTC,MTC_OFFICIAL,MTC_OFFICIAL_ROUTES_20260918,2026-08-07
S28,S28,feeder_or_small,MTC,MTC_OFFICIAL,MTC_OFFICIAL_ROUTES_20260918,2026-08-07
S30,S30,feeder_or_small,MTC,MTC_OFFICIAL,MTC_OFFICIAL_ROUTES_20260918,2026-08-07
S30CT,S30CT,cut_trip,MTC,MTC_OFFICIAL,MTC_OFFICIAL_ROUTES_20260918,2026-08-07
S30K,S30K,feeder_or_small,MTC,MTC_OFFICIAL,MTC_OFFICIAL_ROUTES_20260918,2026-08-07
S31,S31,feeder_or_small,MTC,MTC_OFFICIAL,MTC_OFFICIAL_ROUTES_20260918,2026-08-07
S35,S35,feeder_or_small,MTC,MTC_OFFICIAL,MTC_OFFICIAL_ROUTES_20260918,2026-08-07
S36,S36,feeder_or_small,MTC,MTC_OFFICIAL,MTC_OFFICIAL_ROUTES_20260918,2026-08-07
S3X,S3X,deluxe_express,MTC,MTC_OFFICIAL,MTC_OFFICIAL_ROUTES_20260918,2026-08-07
S4,S4,feeder_or_small,MTC,MTC_OFFICIAL,MTC_OFFICIAL_ROUTES_20260918,2026-08-07
S40,S40,feeder_or_small,MTC,MTC_OFFICIAL,MTC_OFFICIAL_ROUTES_20260918,2026-08-07
S41,S41,feeder_or_small,MTC,MTC_OFFICIAL,MTC_OFFICIAL_ROUTES_20260918,2026-08-07
S42,S42,feeder_or_small,MTC,MTC_OFFICIAL,MTC_OFFICIAL_ROUTES_20260918,2026-08-07
S43,S43,feeder_or_small,MTC,MTC_OFFICIAL,MTC_OFFICIAL_ROUTES_20260918,2026-08-07
S44,S44,feeder_or_small,MTC,MTC_OFFICIAL,MTC_OFFICIAL_ROUTES_20260918,2026-08-07
S45,S45,feeder_or_small,MTC,MTC_OFFICIAL,MTC_OFFICIAL_ROUTES_20260918,2026-08-07
S46,S46,feeder_or_small,MTC,MTC_OFFICIAL,MTC_OFFICIAL_ROUTES_20260918,2026-08-07
S47,S47,feeder_or_small,MTC,MTC_OFFICIAL,MTC_OFFICIAL_ROUTES_20260918,2026-08-07
S47M,S47M,feeder_or_small,MTC,MTC_OFFICIAL,MTC_OFFICIAL_ROUTES_20260918,2026-08-07
S48,S48,feeder_or_small,MTC,MTC_OFFICIAL,MTC_OFFICIAL_ROUTES_20260918,2026-08-07
S49,S49,feeder_or_small,MTC,MTC_OFFICIAL,MTC_OFFICIAL_ROUTES_20260918,2026-08-07
S5,S5,feeder_or_small,MTC,MTC_OFFICIAL,MTC_OFFICIAL_ROUTES_20260918,2026-08-07
S50,S50,feeder_or_small,MTC,MTC_OFFICIAL,MTC_OFFICIAL_ROUTES_20260918,2026-08-07
S51,S51,feeder_or_small,MTC,MTC_OFFICIAL,MTC_OFFICIAL_ROUTES_20260918,2026-08-07
S52,S52,feeder_or_small,MTC,MTC_OFFICIAL,MTC_OFFICIAL_ROUTES_20260918,2026-08-07
S53,S53,feeder_or_small,MTC,MTC_OFFICIAL,MTC_OFFICIAL_ROUTES_20260918,2026-08-07
S55,S55,feeder_or_small,MTC,MTC_OFFICIAL,MTC_OFFICIAL_ROUTES_20260918,2026-08-07
S55W,S55W,feeder_or_small,MTC,MTC_OFFICIAL,MTC_OFFICIAL_ROUTES_20260918,2026-08-07
S56,S56,feeder_or_small,MTC,MTC_OFFICIAL,MTC_OFFICIAL_ROUTES_20260918,2026-08-07
S58,S58,feeder_or_small,MTC,MTC_OFFICIAL,MTC_OFFICIAL_ROUTES_20260918,2026-08-07
S59,S59,feeder_or_small,MTC,MTC_OFFICIAL,MTC_OFFICIAL_ROUTES_20260918,2026-08-07
S6,S6,feeder_or_small,MTC,MTC_OFFICIAL,MTC_OFFICIAL_ROUTES_20260918,2026-08-07
S60,S60,feeder_or_small,MTC,MTC_OFFICIAL,MTC_OFFICIAL_ROUTES_20260918,2026-08-07
S62,S62,feeder_or_small,MTC,MTC_OFFICIAL,MTC_OFFICIAL_ROUTES_20260918,2026-08-07
S63,S63,feeder_or_small,MTC,MTC_OFFICIAL,MTC_OFFICIAL_ROUTES_20260918,2026-08-07
S64,S64,feeder_or_small,MTC,MTC_OFFICIAL,MTC_OFFICIAL_ROUTES_20260918,2026-08-07
S66,S66,feeder_or_small,MTC,MTC_OFFICIAL,MTC_OFFICIAL_ROUTES_20260918,2026-08-07
S67,S67,feeder_or_small,MTC,MTC_OFFICIAL,MTC_OFFICIAL_ROUTES_20260918,2026-08-07
S69,S69,feeder_or_small,MTC,MTC_OFFICIAL,MTC_OFFICIAL_ROUTES_20260918,2026-08-07
S70K,S70K,feeder_or_small,MTC,MTC_OFFICIAL,MTC_OFFICIAL_ROUTES_20260918,2026-08-07
S73,S73,feeder_or_small,MTC,MTC_OFFICIAL,MTC_OFFICIAL_ROUTES_20260918,2026-08-07
S73T,S73T,feeder_or_small,MTC,MTC_OFFICIAL,MTC_OFFICIAL_ROUTES_20260918,2026-08-07
S74,S74,feeder_or_small,MTC,MTC_OFFICIAL,MTC_OFFICIAL_ROUTES_20260918,2026-08-07
S75,S75,feeder_or_small,MTC,MTC_OFFICIAL,MTC_OFFICIAL_ROUTES_20260918,2026-08-07
S79,S79,feeder_or_small,MTC,MTC_OFFICIAL,MTC_OFFICIAL_ROUTES_20260918,2026-08-07
S80,S80,feeder_or_small,MTC,MTC_OFFICIAL,MTC_OFFICIAL_ROUTES_20260918,2026-08-07
S81,S81,feeder_or_small,MTC,MTC_OFFICIAL,MTC_OFFICIAL_ROUTES_20260918,2026-08-07
S82,S82,feeder_or_small,MTC,MTC_OFFICIAL,MTC_OFFICIAL_ROUTES_20260918,2026-08-07
S83,S83,feeder_or_small,MTC,MTC_OFFICIAL,MTC_OFFICIAL_ROUTES_20260918,2026-08-07
S84,S84,feeder_or_small,MTC,MTC_OFFICIAL,MTC_OFFICIAL_ROUTES_20260918,2026-08-07
S86,S86,feeder_or_small,MTC,MTC_OFFICIAL,MTC_OFFICIAL_ROUTES_20260918,2026-08-07
S88A,S88A,feeder_or_small,MTC,MTC_OFFICIAL,MTC_OFFICIAL_ROUTES_20260918,2026-08-07
S90,S90,feeder_or_small,MTC,MTC_OFFICIAL,MTC_OFFICIAL_ROUTES_20260918,2026-08-07
S94,S94,feeder_or_small,MTC,MTC_OFFICIAL,MTC_OFFICIAL_ROUTES_20260918,2026-08-07
S95,S95,feeder_or_small,MTC,MTC_OFFICIAL,MTC_OFFICIAL_ROUTES_20260918,2026-08-07
S97,S97,feeder_or_small,MTC,MTC_OFFICIAL,MTC_OFFICIAL_ROUTES_20260918,2026-08-07
S98,S98,feeder_or_small,MTC,MTC_OFFICIAL,MTC_OFFICIAL_ROUTES_20260918,2026-08-07
SC1,SC1,feeder_or_small,MTC,MTC_OFFICIAL,MTC_OFFICIAL_ROUTES_20260918,2026-08-07
T23C,T23C,regular,MTC,MTC_OFFICIAL,MTC_OFFICIAL_ROUTES_20260918,2026-08-07
T29,T29,regular,MTC,MTC_OFFICIAL,MTC_OFFICIAL_ROUTES_20260918,2026-08-07
T29C,T29C,regular,MTC,MTC_OFFICIAL,MTC_OFFICIAL_ROUTES_20260918,2026-08-07
V51,V51,feeder_or_small,MTC,MTC_OFFICIAL,MTC_OFFICIAL_ROUTES_20260918,2026-08-07
V51CT,V51CT,cut_trip,MTC,MTC_OFFICIAL,MTC_OFFICIAL_ROUTES_20260918,2026-08-07
