annotation_id,reference_T2,reference_T3,student_T2,student_T3,model_G_T2,model_G_T3,finding_category,affected_boundary,operation_consequence,resolution_status,justification
ANN_B2_001,,,,,,,,,,,
ANN_B2_002,,,,,,,,,,,
ANN_B2_003,,,,,,,,,,,
ANN_B2_004,,,,,,,,,,,
ANN_B2_005,,,,,,,,,,,
ANN_B2_006,,,,,,,,,,,
ANN_B2_007,,,,,,,,,,,
ANN_B2_008,,,,,,,,,,,
ANN_B2_009,,,,,,,,,,,
ANN_B2_010,,,,,,,,,,,
ANN_B2_011,,,,,,,,,,,
ANN_B2_012,,,,,,,,,,,
ANN_B2_013,,,,,,,,,,,
ANN_B2_014,,,,,,,,,,,
ANN_B2_015,,,,,,,,,,,
ANN_B2_016,,,,,,,,,,,
ANN_B2_017,,,,,,,,,,,
ANN_B2_018,,,,,,,,,,,
ANN_B2_019,,,,,,,,,,,
ANN_B2_020,,,,,,,,,,,
ANN_B2_021,,,,,,,,,,,
ANN_B2_022,,,,,,,,,,,
ANN_B2_023,,,,,,,,,,,
ANN_B2_024,,,,,,,,,,,
ANN_B2_025,,,,,,,,,,,
ANN_B2_026,,,,,,,,,,,
ANN_B2_027,,,,,,,,,,,
ANN_B2_028,,,,,,,,,,,
ANN_B2_029,,,,,,,,,,,
ANN_B2_030,,,,,,,,,,,
ANN_B2_031,,,,,,,,,,,
ANN_B2_032,,,,,,,,,,,
ANN_B2_033,,,,,,,,,,,
ANN_B2_034,,,,,,,,,,,
ANN_B2_035,,,,,,,,,,,
ANN_B2_036,,,,,,,,,,,
ANN_B2_037,,,,,,,,,,,
ANN_B2_038,,,,,,,,,,,
ANN_B2_039,,,,,,,,,,,
ANN_B2_040,,,,,,,,,,,
ANN_B2_041,,,,,,,,,,,
ANN_B2_042,,,,,,,,,,,
ANN_B2_043,,,,,,,,,,,
ANN_B2_044,,,,,,,,,,,
ANN_B2_045,,,,,,,,,,,
ANN_B2_046,,,,,,,,,,,
ANN_B2_047,,,,,,,,,,,
ANN_B2_048,,,,,,,,,,,
ANN_B2_049,,,,,,,,,,,
ANN_B2_050,,,,,,,,,,,
ANN_B2_051,,,,,,,,,,,
ANN_B2_052,,,,,,,,,,,
ANN_B2_053,,,,,,,,,,,
ANN_B2_054,,,,,,,,,,,
ANN_B2_055,,,,,,,,,,,
ANN_B2_056,,,,,,,,,,,
ANN_B2_057,,,,,,,,,,,
ANN_B2_058,,,,,,,,,,,
ANN_B2_059,,,,,,,,,,,
ANN_B2_060,,,,,,,,,,,
ANN_B2_061,,,,,,,,,,,
ANN_B2_062,,,,,,,,,,,
ANN_B2_063,,,,,,,,,,,
ANN_B2_064,,,,,,,,,,,
ANN_B2_065,,,,,,,,,,,
ANN_B2_066,,,,,,,,,,,
ANN_B2_067,,,,,,,,,,,
ANN_B2_068,,,,,,,,,,,
ANN_B2_069,,,,,,,,,,,
ANN_B2_070,,,,,,,,,,,
ANN_B2_071,,,,,,,,,,,
ANN_B2_072,,,,,,,,,,,
ANN_B2_073,,,,,,,,,,,
ANN_B2_074,,,,,,,,,,,
ANN_B2_075,,,,,,,,,,,
ANN_B2_076,,,,,,,,,,,
ANN_B2_077,,,,,,,,,,,
ANN_B2_078,,,,,,,,,,,
ANN_B2_079,,,,,,,,,,,
ANN_B2_080,,,,,,,,,,,
ANN_B2_081,,,,,,,,,,,
ANN_B2_082,,,,,,,,,,,
ANN_B2_083,,,,,,,,,,,
ANN_B2_084,,,,,,,,,,,
ANN_B2_085,,,,,,,,,,,
ANN_B2_086,,,,,,,,,,,
ANN_B2_087,,,,,,,,,,,
ANN_B2_088,,,,,,,,,,,
ANN_B2_089,,,,,,,,,,,
ANN_B2_090,,,,,,,,,,,
ANN_B2_091,,,,,,,,,,,
ANN_B2_092,,,,,,,,,,,
ANN_B2_093,,,,,,,,,,,
ANN_B2_094,,,,,,,,,,,
ANN_B2_095,,,,,,,,,,,
ANN_B2_096,,,,,,,,,,,
ANN_B2_097,,,,,,,,,,,
ANN_B2_098,,,,,,,,,,,
ANN_B2_099,,,,,,,,,,,
ANN_B2_100,,,,,,,,,,,
ANN_B2_101,,,,,,,,,,,
ANN_B2_102,,,,,,,,,,,
ANN_B2_103,,,,,,,,,,,
ANN_B2_104,,,,,,,,,,,
ANN_B2_105,,,,,,,,,,,
ANN_B2_106,,,,,,,,,,,
ANN_B2_107,,,,,,,,,,,
ANN_B2_108,,,,,,,,,,,
ANN_B2_109,,,,,,,,,,,
ANN_B2_110,,,,,,,,,,,
ANN_B2_111,,,,,,,,,,,
ANN_B2_112,,,,,,,,,,,
ANN_B2_113,,,,,,,,,,,
ANN_B2_114,,,,,,,,,,,
ANN_B2_115,,,,,,,,,,,
ANN_B2_116,,,,,,,,,,,
ANN_B2_117,,,,,,,,,,,
ANN_B2_118,,,,,,,,,,,
ANN_B2_119,,,,,,,,,,,
ANN_B2_120,,,,,,,,,,,
ANN_B2_121,,,,,,,,,,,
ANN_B2_122,,,,,,,,,,,
ANN_B2_123,,,,,,,,,,,
ANN_B2_124,,,,,,,,,,,
ANN_B2_125,,,,,,,,,,,
ANN_B2_126,,,,,,,,,,,
ANN_B2_127,,,,,,,,,,,
ANN_B2_128,,,,,,,,,,,
ANN_B2_129,,,,,,,,,,,
ANN_B2_130,,,,,,,,,,,
ANN_B2_131,,,,,,,,,,,
ANN_B2_132,,,,,,,,,,,
ANN_B2_133,,,,,,,,,,,
ANN_B2_134,,,,,,,,,,,
ANN_B2_135,,,,,,,,,,,
ANN_B2_136,,,,,,,,,,,
ANN_B2_137,,,,,,,,,,,
ANN_B2_138,,,,,,,,,,,
ANN_B2_139,,,,,,,,,,,
ANN_B2_140,,,,,,,,,,,
ANN_B2_141,,,,,,,,,,,
ANN_B2_142,,,,,,,,,,,
ANN_B2_143,,,,,,,,,,,
ANN_B2_144,,,,,,,,,,,
ANN_B2_145,,,,,,,,,,,
ANN_B2_146,,,,,,,,,,,
ANN_B2_147,,,,,,,,,,,
ANN_B2_148,,,,,,,,,,,
ANN_B2_149,,,,,,,,,,,
ANN_B2_150,,,,,,,,,,,
ANN_B2_151,,,,,,,,,,,
ANN_B2_152,,,,,,,,,,,
ANN_B2_153,,,,,,,,,,,
ANN_B2_154,,,,,,,,,,,
ANN_B2_155,,,,,,,,,,,
ANN_B2_156,,,,,,,,,,,
ANN_B2_157,,,,,,,,,,,
ANN_B2_158,,,,,,,,,,,
ANN_B2_159,,,,,,,,,,,
ANN_B2_160,,,,,,,,,,,
ANN_B2_161,,,,,,,,,,,
ANN_B2_162,,,,,,,,,,,
ANN_B2_163,,,,,,,,,,,
ANN_B2_164,,,,,,,,,,,
ANN_B2_165,,,,,,,,,,,
ANN_B2_166,,,,,,,,,,,
ANN_B2_167,,,,,,,,,,,
ANN_B2_168,,,,,,,,,,,
ANN_B2_169,,,,,,,,,,,
ANN_B2_170,,,,,,,,,,,
ANN_B2_171,,,,,,,,,,,
ANN_B2_172,,,,,,,,,,,
ANN_B2_173,,,,,,,,,,,
ANN_B2_174,,,,,,,,,,,
ANN_B2_175,,,,,,,,,,,
ANN_B2_176,,,,,,,,,,,
ANN_B2_177,,,,,,,,,,,
ANN_B2_178,,,,,,,,,,,
ANN_B2_179,,,,,,,,,,,
ANN_B2_180,,,,,,,,,,,
ANN_B2_181,,,,,,,,,,,
ANN_B2_182,,,,,,,,,,,
ANN_B2_183,,,,,,,,,,,
ANN_B2_184,,,,,,,,,,,
ANN_B2_185,,,,,,,,,,,
ANN_B2_186,,,,,,,,,,,
ANN_B2_187,,,,,,,,,,,
ANN_B2_188,,,,,,,,,,,
ANN_B2_189,,,,,,,,,,,
ANN_B2_190,,,,,,,,,,,
ANN_B2_191,,,,,,,,,,,
ANN_B2_192,,,,,,,,,,,
ANN_B2_193,,,,,,,,,,,
ANN_B2_194,,,,,,,,,,,
ANN_B2_195,,,,,,,,,,,
ANN_B2_196,,,,,,,,,,,
ANN_B2_197,,,,,,,,,,,
ANN_B2_198,,,,,,,,,,,
ANN_B2_199,,,,,,,,,,,
ANN_B2_200,,,,,,,,,,,
ANN_B2_201,,,,,,,,,,,
ANN_B2_202,,,,,,,,,,,
ANN_B2_203,,,,,,,,,,,
ANN_B2_204,,,,,,,,,,,
ANN_B2_205,,,,,,,,,,,
ANN_B2_206,,,,,,,,,,,
ANN_B2_207,,,,,,,,,,,
ANN_B2_208,,,,,,,,,,,
ANN_B2_209,,,,,,,,,,,
ANN_B2_210,,,,,,,,,,,
ANN_B2_211,,,,,,,,,,,
ANN_B2_212,,,,,,,,,,,
ANN_B2_213,,,,,,,,,,,
ANN_B2_214,,,,,,,,,,,
ANN_B2_215,,,,,,,,,,,
ANN_B2_216,,,,,,,,,,,
ANN_B2_217,,,,,,,,,,,
ANN_B2_218,,,,,,,,,,,
ANN_B2_219,,,,,,,,,,,
ANN_B2_220,,,,,,,,,,,
ANN_B2_221,,,,,,,,,,,
ANN_B2_222,,,,,,,,,,,
ANN_B2_223,,,,,,,,,,,
ANN_B2_224,,,,,,,,,,,
ANN_B2_225,,,,,,,,,,,
ANN_B2_226,,,,,,,,,,,
ANN_B2_227,,,,,,,,,,,
ANN_B2_228,,,,,,,,,,,
ANN_B2_229,,,,,,,,,,,
ANN_B2_230,,,,,,,,,,,
ANN_B2_231,,,,,,,,,,,
ANN_B2_232,,,,,,,,,,,
ANN_B2_233,,,,,,,,,,,
ANN_B2_234,,,,,,,,,,,
ANN_B2_235,,,,,,,,,,,
ANN_B2_236,,,,,,,,,,,
ANN_B2_237,,,,,,,,,,,
ANN_B2_238,,,,,,,,,,,
ANN_B2_239,,,,,,,,,,,
ANN_B2_240,,,,,,,,,,,
ANN_B2_241,,,,,,,,,,,
ANN_B2_242,,,,,,,,,,,
ANN_B2_243,,,,,,,,,,,
ANN_B2_244,,,,,,,,,,,
ANN_B2_245,,,,,,,,,,,
ANN_B2_246,,,,,,,,,,,
ANN_B2_247,,,,,,,,,,,
ANN_B2_248,,,,,,,,,,,
ANN_B2_249,,,,,,,,,,,
ANN_B2_250,,,,,,,,,,,
ANN_B2_251,,,,,,,,,,,
ANN_B2_252,,,,,,,,,,,
ANN_B2_253,,,,,,,,,,,
ANN_B2_254,,,,,,,,,,,
ANN_B2_255,,,,,,,,,,,
ANN_B2_256,,,,,,,,,,,
ANN_B2_257,,,,,,,,,,,
ANN_B2_258,,,,,,,,,,,
ANN_B2_259,,,,,,,,,,,
ANN_B2_260,,,,,,,,,,,
ANN_B2_261,,,,,,,,,,,
ANN_B2_262,,,,,,,,,,,
ANN_B2_263,,,,,,,,,,,
ANN_B2_264,,,,,,,,,,,
ANN_B2_265,,,,,,,,,,,
ANN_B2_266,,,,,,,,,,,
ANN_B2_267,,,,,,,,,,,
ANN_B2_268,,,,,,,,,,,
ANN_B2_269,,,,,,,,,,,
ANN_B2_270,,,,,,,,,,,
ANN_B2_271,,,,,,,,,,,
ANN_B2_272,,,,,,,,,,,
ANN_B2_273,,,,,,,,,,,
ANN_B2_274,,,,,,,,,,,
ANN_B2_275,,,,,,,,,,,
ANN_B2_276,,,,,,,,,,,
ANN_B2_277,,,,,,,,,,,
ANN_B2_278,,,,,,,,,,,
ANN_B2_279,,,,,,,,,,,
ANN_B2_280,,,,,,,,,,,
ANN_B2_281,,,,,,,,,,,
ANN_B2_282,,,,,,,,,,,
ANN_B2_283,,,,,,,,,,,
ANN_B2_284,,,,,,,,,,,
ANN_B2_285,,,,,,,,,,,
ANN_B2_286,,,,,,,,,,,
ANN_B2_287,,,,,,,,,,,
ANN_B2_288,,,,,,,,,,,
ANN_B2_289,,,,,,,,,,,
ANN_B2_290,,,,,,,,,,,
ANN_B2_291,,,,,,,,,,,
ANN_B2_292,,,,,,,,,,,
ANN_B2_293,,,,,,,,,,,
ANN_B2_294,,,,,,,,,,,
ANN_B2_295,,,,,,,,,,,
ANN_B2_296,,,,,,,,,,,
ANN_B2_297,,,,,,,,,,,
ANN_B2_298,,,,,,,,,,,
ANN_B2_299,,,,,,,,,,,
ANN_B2_300,,,,,,,,,,,
ANN_B2_301,,,,,,,,,,,
ANN_B2_302,,,,,,,,,,,
ANN_B2_303,,,,,,,,,,,
ANN_B2_304,,,,,,,,,,,
ANN_B2_305,,,,,,,,,,,
ANN_B2_306,,,,,,,,,,,
ANN_B2_307,,,,,,,,,,,
ANN_B2_308,,,,,,,,,,,
ANN_B2_309,,,,,,,,,,,
ANN_B2_310,,,,,,,,,,,
ANN_B2_311,,,,,,,,,,,
ANN_B2_312,,,,,,,,,,,
ANN_B2_313,,,,,,,,,,,
ANN_B2_314,,,,,,,,,,,
ANN_B2_315,,,,,,,,,,,
ANN_B2_316,,,,,,,,,,,
ANN_B2_317,,,,,,,,,,,
ANN_B2_318,,,,,,,,,,,
ANN_B2_319,,,,,,,,,,,
ANN_B2_320,,,,,,,,,,,
ANN_B2_321,,,,,,,,,,,
ANN_B2_322,,,,,,,,,,,
ANN_B2_323,,,,,,,,,,,
ANN_B2_324,,,,,,,,,,,
ANN_B2_325,,,,,,,,,,,
ANN_B2_326,,,,,,,,,,,
ANN_B2_327,,,,,,,,,,,
ANN_B2_328,,,,,,,,,,,
ANN_B2_329,,,,,,,,,,,
ANN_B2_330,,,,,,,,,,,
ANN_B2_331,,,,,,,,,,,
ANN_B2_332,,,,,,,,,,,
ANN_B2_333,,,,,,,,,,,
ANN_B2_334,,,,,,,,,,,
ANN_B2_335,,,,,,,,,,,
ANN_B2_336,,,,,,,,,,,
ANN_B2_337,,,,,,,,,,,
ANN_B2_338,,,,,,,,,,,
ANN_B2_339,,,,,,,,,,,
ANN_B2_340,,,,,,,,,,,
ANN_B2_341,,,,,,,,,,,
ANN_B2_342,,,,,,,,,,,
ANN_B2_343,,,,,,,,,,,
ANN_B2_344,,,,,,,,,,,
ANN_B2_345,,,,,,,,,,,
ANN_B2_346,,,,,,,,,,,
ANN_B2_347,,,,,,,,,,,
ANN_B2_348,,,,,,,,,,,
ANN_B2_349,,,,,,,,,,,
ANN_B2_350,,,,,,,,,,,
